period	username	yob	agebin	total	v1abs	v2abs	v1rel	v2rel	agebin2
	Ninnie	1980	3	6.0	0.0	6.0	0.0	1.0	7
	Sally	1974	3	2.0	0.0	2.0	0.0	1.0	6
	gottelina	1974	3	1.0	0.0	1.0	0.0	1.0	6
	Solkattan	1976	3	10.0	0.0	10.0	0.0	1.0	6
	Linnis	1987	4	1.0	0.0	1.0	0.0	1.0	8
	Crollan	1968	2	1.0	0.0	1.0	0.0	1.0	5
	Vildrosen	1971	2	4.0	0.0	4.0	0.0	1.0	5
	Iorlover	1969	2	3.0	0.0	3.0	0.0	1.0	5
	JAG är BÄST	1973	3	30.0	2.0	28.0	0.06666666666666667	0.9333333333333333	6
	Camarogirl	1971	2	4.0	0.0	4.0	0.0	1.0	5
	junimagi	1982	3	5.0	0.0	5.0	0.0	1.0	7
	Jennie med ie	1976	3	19.0	0.0	19.0	0.0	1.0	6
	hymafr	1965	2	16.0	1.0	15.0	0.0625	0.9375	4
	Madame Mom	1974	3	6.0	0.0	6.0	0.0	1.0	6
	KevinsMamma83	1984	4	1.0	0.0	1.0	0.0	1.0	8
	orpan	1982	3	8.0	0.0	8.0	0.0	1.0	7
	dicny	1980	3	2.0	0.0	2.0	0.0	1.0	7
	Mashenjka	1973	3	2.0	0.0	2.0	0.0	1.0	6
	TeZs	1987	4	8.0	0.0	8.0	0.0	1.0	8
	Dompans mamma	1983	4	4.0	0.0	4.0	0.0	1.0	8
	idiblon	1982	3	22.0	0.0	22.0	0.0	1.0	7
	Urpan	1981	3	1.0	0.0	1.0	0.0	1.0	7
	Hoppfull84	1985	4	11.0	0.0	11.0	0.0	1.0	8
	LeaveMeAlone	1984	4	9.0	0.0	9.0	0.0	1.0	8
	EmmAhh	1987	4	9.0	0.0	9.0	0.0	1.0	8
	Lena	1980	3	6.0	0.0	6.0	0.0	1.0	7
	Freksta	1986	4	2.0	0.0	2.0	0.0	1.0	8
	villa villekulla	1984	4	2.0	0.0	2.0	0.0	1.0	8
	Joona	1978	3	1.0	0.0	1.0	0.0	1.0	7
	Mia386	1989	4	16.0	1.0	15.0	0.0625	0.9375	9
	RiNan	1984	4	6.0	0.0	6.0	0.0	1.0	8
	Trojan Rudeboy	1981	3	1.0	0.0	1.0	0.0	1.0	7
	hally	1986	4	7.0	0.0	7.0	0.0	1.0	8
	Lisa1976	1977	3	3.0	1.0	2.0	0.3333333333333333	0.6666666666666666	6
	Annamaja	1981	3	2.0	0.0	2.0	0.0	1.0	7
	Dolliver	1980	3	3.0	0.0	3.0	0.0	1.0	7
	CoolJen	1980	3	9.0	1.0	8.0	0.1111111111111111	0.8888888888888888	7
	Anova	1979	3	11.0	0.0	11.0	0.0	1.0	7
	Smilla	1982	3	2.0	0.0	2.0	0.0	1.0	7
	Bubblan84	1971	2	7.0	0.0	7.0	0.0	1.0	5
	linhol	1981	3	1.0	0.0	1.0	0.0	1.0	7
	FL Lisa	1983	4	4.0	0.0	4.0	0.0	1.0	8
	Malo	1982	3	3.0	0.0	3.0	0.0	1.0	7
	substitutet	1985	4	4.0	0.0	4.0	0.0	1.0	8
	cii	1986	4	6.0	0.0	6.0	0.0	1.0	8
	FreeForAll	1984	4	7.0	0.0	7.0	0.0	1.0	8
	Lima80	1981	3	3.0	0.0	3.0	0.0	1.0	7
	Tilcha	1985	4	31.0	0.0	31.0	0.0	1.0	8
	En glad tjej	1979	3	6.0	0.0	6.0	0.0	1.0	7
	CeeJay	1973	3	19.0	1.0	18.0	0.05263157894736842	0.9473684210526315	6
	Pillemajsan	1983	4	5.0	0.0	5.0	0.0	1.0	8
	Dynamic	1980	3	3.0	0.0	3.0	0.0	1.0	7
	hadhouda	1978	3	4.0	1.0	3.0	0.25	0.75	7
	IdaN	1986	4	5.0	0.0	5.0	0.0	1.0	8
	Maggan81	1974	3	1.0	0.0	1.0	0.0	1.0	6
	Scaniamamma	1987	4	4.0	0.0	4.0	0.0	1.0	8
	hotten	1975	3	40.0	0.0	40.0	0.0	1.0	6
	antagligen	1985	4	2.0	0.0	2.0	0.0	1.0	8
	LauraPalmer	1985	4	1.0	0.0	1.0	0.0	1.0	8
	Zezana	1980	3	8.0	0.0	8.0	0.0	1.0	7
	brokig	1984	4	2.0	0.0	2.0	0.0	1.0	8
	riboflavin	1985	4	7.0	0.0	7.0	0.0	1.0	8
	korfu08	1976	3	13.0	0.0	13.0	0.0	1.0	6
	Diwa	1974	3	5.0	0.0	5.0	0.0	1.0	6
	Mjesec	1990	4	2.0	0.0	2.0	0.0	1.0	9
	Uller	1977	3	4.0	0.0	4.0	0.0	1.0	6
	Butterscotch	1975	3	14.0	0.0	14.0	0.0	1.0	6
	Astarte	1980	3	14.0	0.0	14.0	0.0	1.0	7
	TigerLinn	1986	4	6.0	0.0	6.0	0.0	1.0	8
	Therace	1987	4	5.0	0.0	5.0	0.0	1.0	8
	Kickiliisa	1978	3	8.0	0.0	8.0	0.0	1.0	7
	LaFontaine	1985	4	5.0	0.0	5.0	0.0	1.0	8
	musli	1972	2	19.0	0.0	19.0	0.0	1.0	5
	Sadie	1984	4	13.0	0.0	13.0	0.0	1.0	8
	5 barnsmamman	1979	3	16.0	4.0	12.0	0.25	0.75	7
	hot fuss	1980	3	9.0	0.0	9.0	0.0	1.0	7
	Thuleslapper	1974	3	3.0	0.0	3.0	0.0	1.0	6
	allakantralla	1976	3	20.0	0.0	20.0	0.0	1.0	6
	Hedi	1966	2	19.0	2.0	17.0	0.10526315789473684	0.8947368421052632	4
	angeni	1988	4	32.0	2.0	30.0	0.0625	0.9375	9
	Örnie	1963	2	2.0	0.0	2.0	0.0	1.0	4
	jerseyko	1986	4	2.0	0.0	2.0	0.0	1.0	8
	PreciousDivine	1987	4	1.0	0.0	1.0	0.0	1.0	8
	BTD	1976	3	2.0	0.0	2.0	0.0	1.0	6
	Dorian Ertymexx	1973	3	56.0	1.0	55.0	0.017857142857142856	0.9821428571428571	6
	Dejsi	1962	1	3.0	0.0	3.0	0.0	1.0	3
	annroll	1983	4	3.0	0.0	3.0	0.0	1.0	8
	MrsCD	1981	3	10.0	0.0	10.0	0.0	1.0	7
	AishaYasmine	1976	3	3.0	0.0	3.0	0.0	1.0	6
	WhiteAngels	1980	3	14.0	0.0	14.0	0.0	1.0	7
	hundpuss	1988	4	8.0	0.0	8.0	0.0	1.0	9
	ankling	1959	1	3.0	0.0	3.0	0.0	1.0	3
	SuzR	1982	3	14.0	0.0	14.0	0.0	1.0	7
	skånskan76	1977	3	3.0	0.0	3.0	0.0	1.0	6
	Sarge	1976	3	2.0	0.0	2.0	0.0	1.0	6
	kodarn	1988	4	2.0	0.0	2.0	0.0	1.0	9
	Hanniz	1987	4	8.0	0.0	8.0	0.0	1.0	8
	evita	1971	2	2.0	0.0	2.0	0.0	1.0	5
	Beckah82	1983	4	78.0	9.0	69.0	0.11538461538461539	0.8846153846153846	8
	Eddiesmamma	1986	4	1.0	0.0	1.0	0.0	1.0	8
	Mia22	1985	4	1.0	0.0	1.0	0.0	1.0	8
	Musetti	1982	3	1.0	0.0	1.0	0.0	1.0	7
	Mornie Alantie	1987	4	8.0	0.0	8.0	0.0	1.0	8
	ludde1	1979	3	1.0	0.0	1.0	0.0	1.0	7
	Izzo	1976	3	3.0	0.0	3.0	0.0	1.0	6
	stormfågel	1980	3	1.0	0.0	1.0	0.0	1.0	7
	Liten måne	1984	4	11.0	0.0	11.0	0.0	1.0	8
	EmmaRoSa	1984	4	4.0	0.0	4.0	0.0	1.0	8
	YayasMami	1989	4	6.0	0.0	6.0	0.0	1.0	9
	Miss Cee	1981	3	35.0	0.0	35.0	0.0	1.0	7
	LuMa	1979	3	19.0	0.0	19.0	0.0	1.0	7
	FrökenCola	1987	4	1.0	0.0	1.0	0.0	1.0	8
	jådåsåatt	1984	4	8.0	0.0	8.0	0.0	1.0	8
	Buggster	1989	4	4.0	0.0	4.0	0.0	1.0	9
	Doktorn	1972	2	5.0	0.0	5.0	0.0	1.0	5
	Tottelina	1985	4	3.0	0.0	3.0	0.0	1.0	8
	lokisse	1961	1	26.0	0.0	26.0	0.0	1.0	3
	Digestive	1982	3	5.0	1.0	4.0	0.2	0.8	7
	Azusephre	1988	4	2.0	0.0	2.0	0.0	1.0	9
	pyjamastrollet	1986	4	5.0	0.0	5.0	0.0	1.0	8
	septemberängel	1981	3	13.0	0.0	13.0	0.0	1.0	7
	bulankulan	1985	4	1.0	0.0	1.0	0.0	1.0	8
	TheCoopers	1976	3	11.0	0.0	11.0	0.0	1.0	6
	kossilalli	1983	4	3.0	0.0	3.0	0.0	1.0	8
	Snåjtis	1983	4	1.0	0.0	1.0	0.0	1.0	8
	apaqnirk	1981	3	2.0	0.0	2.0	0.0	1.0	7
	Emsan1988	1989	4	1.0	0.0	1.0	0.0	1.0	9
	Tokfrjant	1989	4	10.0	3.0	7.0	0.3	0.7	9
	MalinI	1979	3	13.0	0.0	13.0	0.0	1.0	7
	Rae	1975	3	7.0	1.0	6.0	0.14285714285714285	0.8571428571428571	6
	LHUF	1980	3	40.0	0.0	40.0	0.0	1.0	7
	Agent 355	1975	3	4.0	0.0	4.0	0.0	1.0	6
	Damien och Adrian	1973	3	10.0	0.0	10.0	0.0	1.0	6
	jazzy	1987	4	4.0	0.0	4.0	0.0	1.0	8
	Mamma till viljestark dotter	1976	3	14.0	0.0	14.0	0.0	1.0	6
	Baronessan	1975	3	13.0	0.0	13.0	0.0	1.0	6
	mini75	1976	3	4.0	0.0	4.0	0.0	1.0	6
	Mylla	1980	3	11.0	0.0	11.0	0.0	1.0	7
	Gladabarnensmamma	1983	4	16.0	0.0	16.0	0.0	1.0	8
	chivasregal	1962	1	4.0	0.0	4.0	0.0	1.0	3
	Sedek	1977	3	2.0	0.0	2.0	0.0	1.0	6
	astro	1978	3	16.0	0.0	16.0	0.0	1.0	7
	regnbågspappan	1989	4	3.0	0.0	3.0	0.0	1.0	9
	Eleni	1986	4	5.0	0.0	5.0	0.0	1.0	8
	Jessys	1987	4	16.0	0.0	16.0	0.0	1.0	8
	Svart ros	1983	4	9.0	0.0	9.0	0.0	1.0	8
	Pebblas	1985	4	1.0	0.0	1.0	0.0	1.0	8
	Emjah	1977	3	1.0	1.0	0.0	1.0	0.0	6
	Wonderchild2009	1990	4	2.0	0.0	2.0	0.0	1.0	9
	ajkw	1990	4	3.0	0.0	3.0	0.0	1.0	9
	MammaBecca	1982	3	2.0	0.0	2.0	0.0	1.0	7
	EXPOSED	1971	2	3.0	0.0	3.0	0.0	1.0	5
	gedansk	1978	3	2.0	1.0	1.0	0.5	0.5	7
	vanilla	1973	3	3.0	0.0	3.0	0.0	1.0	6
	Annika78	1979	3	2.0	0.0	2.0	0.0	1.0	7
	Malinw	1979	3	7.0	0.0	7.0	0.0	1.0	7
	Izela	1984	4	4.0	0.0	4.0	0.0	1.0	8
	Snooze	1981	3	7.0	0.0	7.0	0.0	1.0	7
	Marlene	1967	2	10.0	0.0	10.0	0.0	1.0	4
	Dilong	1963	2	4.0	0.0	4.0	0.0	1.0	4
	lilla mej	1978	3	1.0	0.0	1.0	0.0	1.0	7
	BasseKatt	1975	3	12.0	0.0	12.0	0.0	1.0	6
	Multignutten	1980	3	6.0	0.0	6.0	0.0	1.0	7
	flisan16	1980	3	6.0	0.0	6.0	0.0	1.0	7
	car	1975	3	27.0	0.0	27.0	0.0	1.0	6
	Johanniee	1991	4	1.0	0.0	1.0	0.0	1.0	9
	Psychadelia	1983	4	9.0	1.0	8.0	0.1111111111111111	0.8888888888888888	8
	Pallas	1974	3	23.0	0.0	23.0	0.0	1.0	6
	Trolli	1985	4	3.0	0.0	3.0	0.0	1.0	8
	Mor till Ella	1984	4	3.0	0.0	3.0	0.0	1.0	8
	Mysanochmimer	1986	4	5.0	0.0	5.0	0.0	1.0	8
	Mar ia	1981	3	2.0	0.0	2.0	0.0	1.0	7
	Dr Börje	1966	2	2.0	0.0	2.0	0.0	1.0	4
	Banana82	1983	4	1.0	0.0	1.0	0.0	1.0	8
	KickanAnnika	1975	3	2.0	0.0	2.0	0.0	1.0	6
	Sara35	1971	2	1.0	0.0	1.0	0.0	1.0	5
	83an	1984	4	2.0	0.0	2.0	0.0	1.0	8
	HJ81	1982	3	2.0	0.0	2.0	0.0	1.0	7
	Bergling	1976	3	1.0	0.0	1.0	0.0	1.0	6
	Tonci	1986	4	3.0	0.0	3.0	0.0	1.0	8
	Granada	1975	3	12.0	0.0	12.0	0.0	1.0	6
	Saga 79	1980	3	2.0	0.0	2.0	0.0	1.0	7
	Lillkillensmamma	1982	3	1.0	0.0	1.0	0.0	1.0	7
	Mummyfied	1990	4	6.0	0.0	6.0	0.0	1.0	9
	Hundtok	1984	4	2.0	0.0	2.0	0.0	1.0	8
	Humlemamma	1984	4	12.0	0.0	12.0	0.0	1.0	8
	sallybuse	1960	1	3.0	0.0	3.0	0.0	1.0	3
	Tokmamman	1985	4	1.0	0.0	1.0	0.0	1.0	8
	Kaosmamma	1982	3	5.0	0.0	5.0	0.0	1.0	7
	Cazza	1984	4	1.0	0.0	1.0	0.0	1.0	8
	dessan59	1960	1	2.0	0.0	2.0	0.0	1.0	3
	felicityporter	1986	4	5.0	0.0	5.0	0.0	1.0	8
	Niveaa	1986	4	2.0	0.0	2.0	0.0	1.0	8
	stardream	1981	3	6.0	0.0	6.0	0.0	1.0	7
	Lilla Lycka	1982	3	2.0	1.0	1.0	0.5	0.5	7
	mjau84	1985	4	1.0	0.0	1.0	0.0	1.0	8
	spik	1969	2	1.0	0.0	1.0	0.0	1.0	5
	Tant Herta	1965	2	2.0	0.0	2.0	0.0	1.0	4
	Saltlakrits	1984	4	10.0	0.0	10.0	0.0	1.0	8
	janniahlholm	1991	4	4.0	0.0	4.0	0.0	1.0	9
	Houdini	1966	2	2.0	0.0	2.0	0.0	1.0	4
	JBC	1986	4	7.0	0.0	7.0	0.0	1.0	8
	Superolga	1981	3	1.0	0.0	1.0	0.0	1.0	7
	tiiinann	1987	4	1.0	0.0	1.0	0.0	1.0	8
	pamilya	1986	4	7.0	0.0	7.0	0.0	1.0	8
	Selina04	1982	3	2.0	0.0	2.0	0.0	1.0	7
	gosmamman	1983	4	13.0	0.0	13.0	0.0	1.0	8
	Hemlighet	1985	4	17.0	0.0	17.0	0.0	1.0	8
	Norrtjejjen	1983	4	1.0	0.0	1.0	0.0	1.0	8
	tusselisan	1976	3	1.0	0.0	1.0	0.0	1.0	6
	Sommarkatten	1987	4	2.0	0.0	2.0	0.0	1.0	8
	Hojan84	1985	4	1.0	0.0	1.0	0.0	1.0	8
	Torparn	1975	3	1.0	0.0	1.0	0.0	1.0	6
	Lavish	1986	4	30.0	0.0	30.0	0.0	1.0	8
	PS84	1985	4	2.0	0.0	2.0	0.0	1.0	8
	mrseriksson	1976	3	4.0	0.0	4.0	0.0	1.0	6
	BeccaStina	1987	4	6.0	0.0	6.0	0.0	1.0	8
	Amy1983	1984	4	1.0	0.0	1.0	0.0	1.0	8
	Mamma till gullungen	1978	3	7.0	2.0	5.0	0.2857142857142857	0.7142857142857143	7
	ser91	1992	4	1.0	0.0	1.0	0.0	1.0	9
	Maximumtaste	1988	4	2.0	0.0	2.0	0.0	1.0	9
	Zinara	1980	3	3.0	0.0	3.0	0.0	1.0	7
	nicke nyfiken76	1981	3	3.0	0.0	3.0	0.0	1.0	7
	KramKalas	1984	4	1.0	0.0	1.0	0.0	1.0	8
	Norpan81	1982	3	4.0	0.0	4.0	0.0	1.0	7
	Sockersött	1990	4	1.0	0.0	1.0	0.0	1.0	9
	ModestyB	1982	3	10.0	0.0	10.0	0.0	1.0	7
	Melike	1983	4	2.0	0.0	2.0	0.0	1.0	8
	Puchahontas	1975	3	5.0	0.0	5.0	0.0	1.0	6
	Jess87	1988	4	7.0	0.0	7.0	0.0	1.0	9
	Smulanflen	1974	3	3.0	0.0	3.0	0.0	1.0	6
	Fröken Snork	1976	3	2.0	1.0	1.0	0.5	0.5	6
	Trulsa1985	1986	4	6.0	0.0	6.0	0.0	1.0	8
	Grenna	1967	2	4.0	0.0	4.0	0.0	1.0	4
	Eled	1990	4	2.0	0.0	2.0	0.0	1.0	9
	Min högsta önskan	1979	3	10.0	0.0	10.0	0.0	1.0	7
	MissLillan	1961	1	7.0	1.0	6.0	0.14285714285714285	0.8571428571428571	3
	enola	1978	3	2.0	0.0	2.0	0.0	1.0	7
	minismurfen	1983	4	1.0	0.0	1.0	0.0	1.0	8
	Olivia3mars	1979	3	1.0	0.0	1.0	0.0	1.0	7
	P A K	1973	3	3.0	0.0	3.0	0.0	1.0	6
	2 små prinsessor	1987	4	1.0	0.0	1.0	0.0	1.0	8
	linas fina	1984	4	7.0	0.0	7.0	0.0	1.0	8
	missis	1981	3	2.0	0.0	2.0	0.0	1.0	7
	Tant Groda	1983	4	24.0	4.0	20.0	0.16666666666666666	0.8333333333333334	8
	mysgravid	1989	4	4.0	0.0	4.0	0.0	1.0	9
	Ahdela	1979	3	2.0	0.0	2.0	0.0	1.0	7
	Lindadjo	1978	3	18.0	0.0	18.0	0.0	1.0	7
	Jossebell	1969	2	4.0	0.0	4.0	0.0	1.0	5
	annmin	1961	1	2.0	0.0	2.0	0.0	1.0	3
	ajmaj	1975	3	4.0	0.0	4.0	0.0	1.0	6
	Lucky	1980	3	8.0	0.0	8.0	0.0	1.0	7
	MymlanMy	1968	2	5.0	0.0	5.0	0.0	1.0	5
	Bohman	1986	4	19.0	0.0	19.0	0.0	1.0	8
	Gelicapelica	1985	4	2.0	1.0	1.0	0.5	0.5	8
	S a C	1983	4	10.0	0.0	10.0	0.0	1.0	8
	Sockerpinglan	1973	3	1.0	0.0	1.0	0.0	1.0	6
	Crea Diem	1972	2	2.0	0.0	2.0	0.0	1.0	5
	Fossa	1989	4	15.0	0.0	15.0	0.0	1.0	9
	LoMsBebis	1989	4	1.0	0.0	1.0	0.0	1.0	9
	katt tass	1981	3	6.0	0.0	6.0	0.0	1.0	7
	Babyface	1986	4	1.0	0.0	1.0	0.0	1.0	8
	ÄlskadeUnge	1987	4	9.0	0.0	9.0	0.0	1.0	8
	soffien	1986	4	3.0	1.0	2.0	0.3333333333333333	0.6666666666666666	8
	Sally Bally	1986	4	1.0	0.0	1.0	0.0	1.0	8
	jinxy	1982	3	2.0	0.0	2.0	0.0	1.0	7
	emmeth	1983	4	2.0	0.0	2.0	0.0	1.0	8
	Koalan	1980	3	1.0	0.0	1.0	0.0	1.0	7
	bonsai	1982	3	3.0	0.0	3.0	0.0	1.0	7
	mysifer	1985	4	4.0	0.0	4.0	0.0	1.0	8
	Loris	1988	4	18.0	1.0	17.0	0.05555555555555555	0.9444444444444444	9
	pindile	1984	4	10.0	0.0	10.0	0.0	1.0	8
	zuzzan	1984	4	2.0	0.0	2.0	0.0	1.0	8
	Susyloo	1981	3	2.0	0.0	2.0	0.0	1.0	7
	guldnos	1985	4	2.0	0.0	2.0	0.0	1.0	8
	camillas1985	1986	4	3.0	0.0	3.0	0.0	1.0	8
	Akleja	1981	3	8.0	0.0	8.0	0.0	1.0	7
	Tittij	1978	3	6.0	0.0	6.0	0.0	1.0	7
	saltflingan	1990	4	53.0	1.0	52.0	0.018867924528301886	0.9811320754716981	9
	Mammassaga	1986	4	12.0	0.0	12.0	0.0	1.0	8
	luspudel	1989	4	8.0	0.0	8.0	0.0	1.0	9
	tinaaaaaa	1987	4	2.0	0.0	2.0	0.0	1.0	8
	Gul13	1969	2	6.0	0.0	6.0	0.0	1.0	5
	Izamoon	1982	3	2.0	0.0	2.0	0.0	1.0	7
	Kaisa Kavat	1975	3	1.0	0.0	1.0	0.0	1.0	6
	Vaja	1979	3	12.0	0.0	12.0	0.0	1.0	7
	JoRi	1988	4	4.0	0.0	4.0	0.0	1.0	9
	ROGG	1972	2	2.0	1.0	1.0	0.5	0.5	5
	Challe N	1978	3	2.0	0.0	2.0	0.0	1.0	7
	Llimen	1987	4	4.0	0.0	4.0	0.0	1.0	8
	Urtica	1981	3	4.0	1.0	3.0	0.25	0.75	7
	tindistar	1988	4	2.0	0.0	2.0	0.0	1.0	9
	Thezz88	1989	4	1.0	0.0	1.0	0.0	1.0	9
	Hedda89	1988	4	1.0	1.0	0.0	1.0	0.0	9
	bambigirl	1982	3	8.0	0.0	8.0	0.0	1.0	7
	Lucefera	1986	4	5.0	0.0	5.0	0.0	1.0	8
	Daimis	1977	3	6.0	0.0	6.0	0.0	1.0	6
	kariba	1981	3	2.0	0.0	2.0	0.0	1.0	7
	Aamamman	1975	3	2.0	0.0	2.0	0.0	1.0	6
	qbtq	1985	4	2.0	0.0	2.0	0.0	1.0	8
	nemo08	1978	3	1.0	0.0	1.0	0.0	1.0	7
	2babiesmom	1983	4	2.0	0.0	2.0	0.0	1.0	8
	livet leker	1990	4	7.0	0.0	7.0	0.0	1.0	9
	Mejasmorsa	1983	4	2.0	0.0	2.0	0.0	1.0	8
	skorpiona	1981	3	24.0	1.0	23.0	0.041666666666666664	0.9583333333333334	7
	Makaron	1986	4	1.0	0.0	1.0	0.0	1.0	8
	karinagumman	1979	3	4.0	0.0	4.0	0.0	1.0	7
	Fraggelgirl	1981	3	11.0	0.0	11.0	0.0	1.0	7
	Malinsson84	1985	4	3.0	0.0	3.0	0.0	1.0	8
	Filemon Syklon	1965	2	1.0	0.0	1.0	0.0	1.0	4
	så mycket bättre	1987	4	4.0	0.0	4.0	0.0	1.0	8
	bili	1960	1	8.0	0.0	8.0	0.0	1.0	3
	FrökenR	1989	4	2.0	0.0	2.0	0.0	1.0	9
	Mopsan	1987	4	9.0	0.0	9.0	0.0	1.0	8
	Mina72	1973	3	4.0	0.0	4.0	0.0	1.0	6
	Sashimi	1976	3	3.0	0.0	3.0	0.0	1.0	6
	Julia08	1974	3	2.0	0.0	2.0	0.0	1.0	6
	Skruttensmamma	1978	3	6.0	0.0	6.0	0.0	1.0	7
	antitanten	1955	1	5.0	0.0	5.0	0.0	1.0	2
	Lönnsirap	1981	3	2.0	0.0	2.0	0.0	1.0	7
	Mamman88	1989	4	12.0	1.0	11.0	0.08333333333333333	0.9166666666666666	9
	IsaCMoJs	1983	4	16.0	0.0	16.0	0.0	1.0	8
	Maddisen80	1981	3	44.0	0.0	44.0	0.0	1.0	7
	MariaX m 2	1974	3	3.0	0.0	3.0	0.0	1.0	6
	Knallen12	1975	3	5.0	0.0	5.0	0.0	1.0	6
	AmandaBrun	1985	4	14.0	0.0	14.0	0.0	1.0	8
	Trissvinnaren	1974	3	3.0	0.0	3.0	0.0	1.0	6
	ego	1980	3	7.0	0.0	7.0	0.0	1.0	7
	pysselmajjo	1983	4	2.0	0.0	2.0	0.0	1.0	8
	Inredarpanik	1983	4	2.0	0.0	2.0	0.0	1.0	8
	Jamieolivia	1983	4	7.0	0.0	7.0	0.0	1.0	8
	EmsanPemsan	1987	4	20.0	0.0	20.0	0.0	1.0	8
	Saniis	1984	4	1.0	0.0	1.0	0.0	1.0	8
	Amandamamman	1980	3	2.0	0.0	2.0	0.0	1.0	7
	jennifer88	1989	4	2.0	0.0	2.0	0.0	1.0	9
	Anatha	1979	3	12.0	1.0	11.0	0.08333333333333333	0.9166666666666666	7
	carrobarro84	1985	4	15.0	0.0	15.0	0.0	1.0	8
	Nickos	1988	4	2.0	0.0	2.0	0.0	1.0	9
	Johanninen	1985	4	2.0	0.0	2.0	0.0	1.0	8
	mamita64	1965	2	19.0	1.0	18.0	0.05263157894736842	0.9473684210526315	4
	Terez	1984	4	7.0	0.0	7.0	0.0	1.0	8
	tantS	1987	4	1.0	0.0	1.0	0.0	1.0	8
	R3becca	1991	4	1.0	0.0	1.0	0.0	1.0	9
	Runawaybride	1984	4	2.0	0.0	2.0	0.0	1.0	8
	MinNatalie	1987	4	2.0	0.0	2.0	0.0	1.0	8
	Bonbon	1985	4	3.0	0.0	3.0	0.0	1.0	8
	slapback	1982	3	1.0	0.0	1.0	0.0	1.0	7
	MeandHim	1983	4	6.0	0.0	6.0	0.0	1.0	8
	Lotten73	1974	3	4.0	0.0	4.0	0.0	1.0	6
	Rocktroll	1985	4	11.0	0.0	11.0	0.0	1.0	8
	bubbelmaja	1978	3	4.0	0.0	4.0	0.0	1.0	7
	SaraSara	1976	3	7.0	0.0	7.0	0.0	1.0	6
	Sigrid	1975	3	4.0	0.0	4.0	0.0	1.0	6
	Loppan77	1978	3	1.0	0.0	1.0	0.0	1.0	7
	StilaM	1976	3	5.0	0.0	5.0	0.0	1.0	6
	Nettan1982	1983	4	2.0	0.0	2.0	0.0	1.0	8
	Lilli77	1978	3	4.0	0.0	4.0	0.0	1.0	7
	juzze	1984	4	5.0	0.0	5.0	0.0	1.0	8
	Fridapida	1982	3	3.0	0.0	3.0	0.0	1.0	7
	filiduttan	1980	3	3.0	0.0	3.0	0.0	1.0	7
	Matilda86	1987	4	6.0	1.0	5.0	0.16666666666666666	0.8333333333333334	8
	Kyanita	1974	3	23.0	0.0	23.0	0.0	1.0	6
	fjollan	1989	4	3.0	0.0	3.0	0.0	1.0	9
	evalee	1985	4	1.0	0.0	1.0	0.0	1.0	8
	Erika Ö	1989	4	16.0	0.0	16.0	0.0	1.0	9
	TigerlilyGbg	1975	3	3.0	0.0	3.0	0.0	1.0	6
	fröken sol	1979	3	4.0	0.0	4.0	0.0	1.0	7
	MajaMi	1985	4	4.0	0.0	4.0	0.0	1.0	8
	lisen88	1989	4	2.0	0.0	2.0	0.0	1.0	9
	chicopico	1983	4	3.0	0.0	3.0	0.0	1.0	8
	Isabelle Kristin	1983	4	1.0	0.0	1.0	0.0	1.0	8
	Atjo	1977	3	2.0	0.0	2.0	0.0	1.0	6
	Texasthecat	1983	4	1.0	0.0	1.0	0.0	1.0	8
	To be or not to be	1982	3	1.0	0.0	1.0	0.0	1.0	7
	kimsivimsi	1986	4	1.0	0.0	1.0	0.0	1.0	8
	Smurflisa	1976	3	1.0	0.0	1.0	0.0	1.0	6
	bigmomma	1978	3	3.0	0.0	3.0	0.0	1.0	7
	4finafilidutter	1980	3	1.0	0.0	1.0	0.0	1.0	7
	Molina	1978	3	4.0	0.0	4.0	0.0	1.0	7
	Geshia	1981	3	10.0	1.0	9.0	0.1	0.9	7
	Mikah	1979	3	6.0	0.0	6.0	0.0	1.0	7
	TrueBlood	1977	3	1.0	0.0	1.0	0.0	1.0	6
	mamma till 2 frön	1974	3	1.0	0.0	1.0	0.0	1.0	6
	Softyy	1981	3	2.0	0.0	2.0	0.0	1.0	7
	1980 längtar	1981	3	1.0	0.0	1.0	0.0	1.0	7
	La gartija	1982	3	2.0	0.0	2.0	0.0	1.0	7
	Kopparkruka	1989	4	2.0	0.0	2.0	0.0	1.0	9
	Tattyn	1978	3	4.0	1.0	3.0	0.25	0.75	7
	ballerinamuffins	1985	4	6.0	0.0	6.0	0.0	1.0	8
	Pumpkin	1985	4	20.0	0.0	20.0	0.0	1.0	8
	Fama123	1974	3	3.0	0.0	3.0	0.0	1.0	6
	Swompi	1987	4	1.0	0.0	1.0	0.0	1.0	8
	Längtar Igen	1976	3	9.0	0.0	9.0	0.0	1.0	6
	Längtan82	1983	4	3.0	0.0	3.0	0.0	1.0	8
	Amicus verus est rara avis	1987	4	1.0	0.0	1.0	0.0	1.0	8
	apelsinens mamma	1986	4	2.0	0.0	2.0	0.0	1.0	8
	Väntarochlängtar	1971	2	1.0	0.0	1.0	0.0	1.0	5
	kirsikka	1966	2	3.0	0.0	3.0	0.0	1.0	4
	Carla82	1983	4	3.0	0.0	3.0	0.0	1.0	8
	Kaffekopp	1978	3	1.0	1.0	0.0	1.0	0.0	7
	Egogirl	1981	3	2.0	0.0	2.0	0.0	1.0	7
	Spring Time	1990	4	3.0	0.0	3.0	0.0	1.0	9
	Flamma	1984	4	8.0	0.0	8.0	0.0	1.0	8
	Lorelei	1978	3	14.0	0.0	14.0	0.0	1.0	7
	FruE	1987	4	1.0	0.0	1.0	0.0	1.0	8
	lieh	1971	2	2.0	0.0	2.0	0.0	1.0	5
	Charlotte1987	1988	4	4.0	0.0	4.0	0.0	1.0	9
	Flisan79	1980	3	16.0	0.0	16.0	0.0	1.0	7
	Goya	1963	2	4.0	0.0	4.0	0.0	1.0	4
	BaraCarolina	1979	3	3.0	0.0	3.0	0.0	1.0	7
	Katja77	1977	3	1.0	0.0	1.0	0.0	1.0	6
	rosenkind	1983	4	8.0	0.0	8.0	0.0	1.0	8
	bripoint	1968	2	2.0	0.0	2.0	0.0	1.0	5
	Pudan	1968	2	3.0	0.0	3.0	0.0	1.0	5
	TheStar	1977	3	3.0	0.0	3.0	0.0	1.0	6
	fiddelin	1985	4	7.0	0.0	7.0	0.0	1.0	8
	Scraptroll	1984	4	6.0	0.0	6.0	0.0	1.0	8
	TigerLily	1974	3	3.0	0.0	3.0	0.0	1.0	6
	gmt	1987	4	2.0	2.0	0.0	1.0	0.0	8
	Bradbury	1977	3	4.0	0.0	4.0	0.0	1.0	6
	zazzy	1985	4	5.0	0.0	5.0	0.0	1.0	8
	Snoffsan	1980	3	11.0	0.0	11.0	0.0	1.0	7
	frk lorelei	1980	3	7.0	0.0	7.0	0.0	1.0	7
	fabler	1964	2	19.0	0.0	19.0	0.0	1.0	4
	modestyclara	1979	3	31.0	0.0	31.0	0.0	1.0	7
	Smulanpus	1982	3	6.0	0.0	6.0	0.0	1.0	7
	Angelica30	1978	3	3.0	0.0	3.0	0.0	1.0	7
	tessum	1985	4	5.0	0.0	5.0	0.0	1.0	8
	Emmel	1973	3	15.0	0.0	15.0	0.0	1.0	6
	Trinis	1976	3	1.0	0.0	1.0	0.0	1.0	6
	LA Woman	1975	3	4.0	0.0	4.0	0.0	1.0	6
	tempo21	1974	3	5.0	0.0	5.0	0.0	1.0	6
	Caroline08	1989	4	2.0	0.0	2.0	0.0	1.0	9
	Emmi27	1984	4	4.0	0.0	4.0	0.0	1.0	8
	BertaFilippa Krattkquist	1986	4	2.0	0.0	2.0	0.0	1.0	8
	Anna Lisa	1979	3	2.0	0.0	2.0	0.0	1.0	7
	Blåbärspaj	1973	3	1.0	0.0	1.0	0.0	1.0	6
	Hallonmumsan	1987	4	4.0	0.0	4.0	0.0	1.0	8
	Legewiel	1985	4	1.0	0.0	1.0	0.0	1.0	8
	SandraS	1984	4	7.0	1.0	6.0	0.14285714285714285	0.8571428571428571	8
	Hillbillie	1964	2	3.0	0.0	3.0	0.0	1.0	4
	tjejmamma79	1980	3	2.0	0.0	2.0	0.0	1.0	7
	Vårblomma	1985	4	7.0	1.0	6.0	0.14285714285714285	0.8571428571428571	8
	castillo	1988	4	15.0	3.0	12.0	0.2	0.8	9
	Farth Vader	1974	3	2.0	0.0	2.0	0.0	1.0	6
	Immer	1961	1	2.0	0.0	2.0	0.0	1.0	3
	tooba	1984	4	1.0	1.0	0.0	1.0	0.0	8
	Midwinter	1984	4	3.0	0.0	3.0	0.0	1.0	8
	cocos87	1988	4	1.0	0.0	1.0	0.0	1.0	9
	mirre67	1968	2	3.0	0.0	3.0	0.0	1.0	5
	TessaS	1974	3	24.0	0.0	24.0	0.0	1.0	6
	EmmaOh	1980	3	6.0	0.0	6.0	0.0	1.0	7
	MiaMaa	1981	3	2.0	0.0	2.0	0.0	1.0	7
	My sunshine	1986	4	2.0	0.0	2.0	0.0	1.0	8
	Mavios	1971	2	2.0	0.0	2.0	0.0	1.0	5
	pluvdo	1987	4	8.0	0.0	8.0	0.0	1.0	8
	SingForLife	1973	3	1.0	0.0	1.0	0.0	1.0	6
	Corpset	1982	3	8.0	0.0	8.0	0.0	1.0	7
	ToK	1989	4	1.0	0.0	1.0	0.0	1.0	9
	Grönögat	1989	4	3.0	0.0	3.0	0.0	1.0	9
	Jungblom	1986	4	27.0	1.0	26.0	0.037037037037037035	0.9629629629629629	8
	Lia85	1986	4	6.0	0.0	6.0	0.0	1.0	8
	Tyrell	1973	3	7.0	0.0	7.0	0.0	1.0	6
	Jessie74	1975	3	4.0	0.0	4.0	0.0	1.0	6
	kattengustav	1982	3	5.0	1.0	4.0	0.2	0.8	7
	emme 86	1987	4	13.0	1.0	12.0	0.07692307692307693	0.9230769230769231	8
	Lina86	1987	4	5.0	0.0	5.0	0.0	1.0	8
	giftgrodan	1980	3	2.0	0.0	2.0	0.0	1.0	7
	StaffenAssar	1983	4	19.0	0.0	19.0	0.0	1.0	8
	LinnIzabelle	1989	4	1.0	0.0	1.0	0.0	1.0	9
	Papi Jo	1977	3	2.0	0.0	2.0	0.0	1.0	6
	Linaek	1964	2	5.0	0.0	5.0	0.0	1.0	4
	mandolin76	1975	3	1.0	0.0	1.0	0.0	1.0	6
	EJT	1990	4	1.0	0.0	1.0	0.0	1.0	9
	upyours	1981	3	1.0	0.0	1.0	0.0	1.0	7
	daddybear	1977	3	3.0	0.0	3.0	0.0	1.0	6
	Jenny81	1982	3	2.0	0.0	2.0	0.0	1.0	7
	La musica	1972	2	1.0	0.0	1.0	0.0	1.0	5
	LindizJ	1980	3	1.0	0.0	1.0	0.0	1.0	7
	Seven Costanza	1984	4	1.0	0.0	1.0	0.0	1.0	8
	Joje	1975	3	27.0	0.0	27.0	0.0	1.0	6
	Nilsfar	1965	2	1.0	0.0	1.0	0.0	1.0	4
	kalleman	1987	4	1.0	0.0	1.0	0.0	1.0	8
	Enira	1981	3	2.0	0.0	2.0	0.0	1.0	7
	Mare pacificum	1977	3	2.0	0.0	2.0	0.0	1.0	6
	Vinterbarnet	1983	4	1.0	0.0	1.0	0.0	1.0	8
	andra	1987	4	2.0	0.0	2.0	0.0	1.0	8
	MalinBN	1973	3	1.0	0.0	1.0	0.0	1.0	6
	Anastasia	1983	4	1.0	0.0	1.0	0.0	1.0	8
	hemljuvahem	1986	4	6.0	0.0	6.0	0.0	1.0	8
	Ablan	1986	4	5.0	2.0	3.0	0.4	0.6	8
	nobilis	1967	2	2.0	0.0	2.0	0.0	1.0	4
	JECJ	1984	4	1.0	0.0	1.0	0.0	1.0	8
	RobSab	1987	4	2.0	0.0	2.0	0.0	1.0	8
	Bellenellen09	1977	3	10.0	1.0	9.0	0.1	0.9	6
	Liveit1971	1972	2	1.0	0.0	1.0	0.0	1.0	5
	mariahammarberg	1981	3	3.0	0.0	3.0	0.0	1.0	7
	annelie80	1981	3	3.0	0.0	3.0	0.0	1.0	7
	Blomman80	1981	3	1.0	1.0	0.0	1.0	0.0	7
	mmiaa	1984	4	5.0	0.0	5.0	0.0	1.0	8
	Pirjo79	1980	3	2.0	0.0	2.0	0.0	1.0	7
	Mimmi86	1987	4	6.0	0.0	6.0	0.0	1.0	8
	crazy cat lady	1986	4	3.0	1.0	2.0	0.3333333333333333	0.6666666666666666	8
	AW76	1977	3	11.0	1.0	10.0	0.09090909090909091	0.9090909090909091	6
	Xay1de	1982	3	6.0	0.0	6.0	0.0	1.0	7
	Le petite moi	1979	3	4.0	0.0	4.0	0.0	1.0	7
	Happy me	1976	3	2.0	0.0	2.0	0.0	1.0	6
	Nattastrand	1988	4	1.0	1.0	0.0	1.0	0.0	9
	Lolion	1984	4	2.0	0.0	2.0	0.0	1.0	8
	diddisen80	1981	3	1.0	0.0	1.0	0.0	1.0	7
	Niiskuneiti	1988	4	3.0	1.0	2.0	0.3333333333333333	0.6666666666666666	9
	Kurreburre	1978	3	2.0	0.0	2.0	0.0	1.0	7
	Missnööjd	1975	3	2.0	0.0	2.0	0.0	1.0	6
	HWikström	1982	3	1.0	0.0	1.0	0.0	1.0	7
	Heobea	1988	4	4.0	0.0	4.0	0.0	1.0	9
	Elektra82	1983	4	2.0	0.0	2.0	0.0	1.0	8
	Curious	1986	4	1.0	0.0	1.0	0.0	1.0	8
	Sazee	1990	4	2.0	0.0	2.0	0.0	1.0	9
	sammetrocker	1984	4	4.0	0.0	4.0	0.0	1.0	8
	Ssofia	1974	3	1.0	0.0	1.0	0.0	1.0	6
	Knoza	1983	4	1.0	0.0	1.0	0.0	1.0	8
	latina02	1989	4	2.0	0.0	2.0	0.0	1.0	9
	Jenny28	1976	3	20.0	0.0	20.0	0.0	1.0	6
	Missy M	1987	4	3.0	0.0	3.0	0.0	1.0	8
	mikroE	1983	4	3.0	0.0	3.0	0.0	1.0	8
	Kajsala	1961	1	3.0	0.0	3.0	0.0	1.0	3
	Tida77	1978	3	2.0	0.0	2.0	0.0	1.0	7
	Um muhammed	1984	4	4.0	0.0	4.0	0.0	1.0	8
	FallenMadonnaWithTheBigBoobies	1975	3	3.0	0.0	3.0	0.0	1.0	6
	Lilla JJ	1978	3	25.0	1.0	24.0	0.04	0.96	7
	aldrigmer	1954	1	1.0	0.0	1.0	0.0	1.0	2
	Maddex	1981	3	3.0	0.0	3.0	0.0	1.0	7
	SofiFrid	1985	4	2.0	0.0	2.0	0.0	1.0	8
	Disco	1980	3	2.0	0.0	2.0	0.0	1.0	7
	jesslin	1973	3	36.0	1.0	35.0	0.027777777777777776	0.9722222222222222	6
	Torrbollen	1980	3	1.0	0.0	1.0	0.0	1.0	7
	pumpkinpie	1984	4	4.0	1.0	3.0	0.25	0.75	8
	Majuni	1974	3	5.0	0.0	5.0	0.0	1.0	6
	Älskarminabarn	1977	3	2.0	0.0	2.0	0.0	1.0	6
	faster	1964	2	5.0	0.0	5.0	0.0	1.0	4
	ooemilyoo	1986	4	2.0	0.0	2.0	0.0	1.0	8
	Turran	1976	3	7.0	0.0	7.0	0.0	1.0	6
	Aiva	1983	4	7.0	0.0	7.0	0.0	1.0	8
	Fruntimre	1989	4	3.0	0.0	3.0	0.0	1.0	9
	HemligeArne	1982	3	2.0	0.0	2.0	0.0	1.0	7
	DenNamnbitne	1990	4	2.0	0.0	2.0	0.0	1.0	9
	daKi	1989	4	1.0	0.0	1.0	0.0	1.0	9
	Jandy	1982	3	1.0	0.0	1.0	0.0	1.0	7
	MrsAlonso	1981	3	1.0	0.0	1.0	0.0	1.0	7
	Erki	1981	3	3.0	0.0	3.0	0.0	1.0	7
	Ett två tre	1986	4	29.0	0.0	29.0	0.0	1.0	8
	Livetpålandet	1984	4	1.0	1.0	0.0	1.0	0.0	8
	Victoria86	1987	4	1.0	0.0	1.0	0.0	1.0	8
	AnnaKlara	1971	2	5.0	0.0	5.0	0.0	1.0	5
	pingstlilja	1976	3	3.0	0.0	3.0	0.0	1.0	6
	kaffebönan	1973	3	1.0	0.0	1.0	0.0	1.0	6
	Floff	1983	4	9.0	0.0	9.0	0.0	1.0	8
	nostalgi	1960	1	2.0	1.0	1.0	0.5	0.5	3
	Charmeuse	1985	4	8.0	0.0	8.0	0.0	1.0	8
	Stella79	1980	3	1.0	0.0	1.0	0.0	1.0	7
	Dalton	1986	4	3.0	0.0	3.0	0.0	1.0	8
	lilaemma	1981	3	3.0	0.0	3.0	0.0	1.0	7
	plettis	1977	3	3.0	0.0	3.0	0.0	1.0	6
	Pippiputti	1974	3	6.0	0.0	6.0	0.0	1.0	6
	musiknallen	1977	3	1.0	0.0	1.0	0.0	1.0	6
	mammaprutt	1986	4	1.0	0.0	1.0	0.0	1.0	8
	lillasmilla	1988	4	5.0	0.0	5.0	0.0	1.0	9
	kjempejente	1972	2	4.0	0.0	4.0	0.0	1.0	5
	Saandraa	1989	4	4.0	0.0	4.0	0.0	1.0	9
	Marleen	1986	4	5.0	0.0	5.0	0.0	1.0	8
	sebbeman	1980	3	1.0	0.0	1.0	0.0	1.0	7
	maamje	1980	3	1.0	0.0	1.0	0.0	1.0	7
	fruganL	1990	4	26.0	0.0	26.0	0.0	1.0	9
	Mrs Jen	1981	3	3.0	0.0	3.0	0.0	1.0	7
	JOJS	1983	4	1.0	0.0	1.0	0.0	1.0	8
	exiteme	1972	2	1.0	0.0	1.0	0.0	1.0	5
	Krake	1961	1	1.0	0.0	1.0	0.0	1.0	3
	Majsansarne	1981	3	3.0	0.0	3.0	0.0	1.0	7
	LitenMamma	1988	4	1.0	0.0	1.0	0.0	1.0	9
	Hercule	1971	2	2.0	0.0	2.0	0.0	1.0	5
	lokacitron	1981	3	2.0	0.0	2.0	0.0	1.0	7
	Ausi79	1980	3	1.0	0.0	1.0	0.0	1.0	7
	sursocka	1982	3	2.0	0.0	2.0	0.0	1.0	7
	CuteElliz	1988	4	6.0	0.0	6.0	0.0	1.0	9
	Keyrie	1986	4	1.0	0.0	1.0	0.0	1.0	8
	miljarden	1977	3	3.0	0.0	3.0	0.0	1.0	6
	Immini	1989	4	4.0	0.0	4.0	0.0	1.0	9
	fantasia	1975	3	2.0	0.0	2.0	0.0	1.0	6
	Eldsjäl	1988	4	1.0	0.0	1.0	0.0	1.0	9
	Knasiga morsan	1985	4	1.0	0.0	1.0	0.0	1.0	8
	james	1982	3	1.0	0.0	1.0	0.0	1.0	7
	Livshlädje	1974	3	2.0	0.0	2.0	0.0	1.0	6
	Madicken 29	1980	3	1.0	0.0	1.0	0.0	1.0	7
	Obsessed Feelings	1986	4	2.0	1.0	1.0	0.5	0.5	8
	Pyl	1980	3	2.0	1.0	1.0	0.5	0.5	7
	victory tilly	1978	3	2.0	0.0	2.0	0.0	1.0	7
	SofiaL	1990	4	8.0	0.0	8.0	0.0	1.0	9
	LC77	1978	3	1.0	0.0	1.0	0.0	1.0	7
	Tjej84	1984	4	3.0	1.0	2.0	0.3333333333333333	0.6666666666666666	8
	WilleViking	1977	3	5.0	0.0	5.0	0.0	1.0	6
	Nore	1974	3	1.0	0.0	1.0	0.0	1.0	6
	Bajjelen	1985	4	13.0	1.0	12.0	0.07692307692307693	0.9230769230769231	8
	Pepparmint	1986	4	1.0	0.0	1.0	0.0	1.0	8
	Jenny1985	1986	4	7.0	0.0	7.0	0.0	1.0	8
	KiLi	1976	3	3.0	0.0	3.0	0.0	1.0	6
	fellan	1986	4	1.0	0.0	1.0	0.0	1.0	8
	Alisa	1981	3	9.0	0.0	9.0	0.0	1.0	7
	mandrarinen	1987	4	8.0	0.0	8.0	0.0	1.0	8
	MammaU	1973	3	6.0	0.0	6.0	0.0	1.0	6
	AKJ	1976	3	1.0	0.0	1.0	0.0	1.0	6
	MrsCharlotte	1981	3	33.0	0.0	33.0	0.0	1.0	7
	tan73	1974	3	2.0	0.0	2.0	0.0	1.0	6
	Cat79	1980	3	10.0	0.0	10.0	0.0	1.0	7
	zoomzoom	1981	3	1.0	0.0	1.0	0.0	1.0	7
	Ayla sthlm	1976	3	2.0	0.0	2.0	0.0	1.0	6
	nonayti	1983	4	1.0	0.0	1.0	0.0	1.0	8
	caos	1980	3	3.0	0.0	3.0	0.0	1.0	7
	Harling1985	1986	4	4.0	0.0	4.0	0.0	1.0	8
	raya	1989	4	1.0	0.0	1.0	0.0	1.0	9
	AnnCharlotte86	1987	4	1.0	0.0	1.0	0.0	1.0	8
	Moa83	1983	4	1.0	0.0	1.0	0.0	1.0	8
	TanjaS	1973	3	2.0	0.0	2.0	0.0	1.0	6
	kixan	1982	3	16.0	0.0	16.0	0.0	1.0	7
	EnAnka	1991	4	1.0	0.0	1.0	0.0	1.0	9
	Uhngoliant	1984	4	2.0	0.0	2.0	0.0	1.0	8
	Kina79	1980	3	5.0	0.0	5.0	0.0	1.0	7
	Sannis83	1984	4	2.0	0.0	2.0	0.0	1.0	8
	Snart3barn	1980	3	1.0	1.0	0.0	1.0	0.0	7
	elinville	1981	3	7.0	0.0	7.0	0.0	1.0	7
	Jigge	1981	3	1.0	0.0	1.0	0.0	1.0	7
	delifi2	1975	3	15.0	0.0	15.0	0.0	1.0	6
	mandelblomma	1990	4	15.0	0.0	15.0	0.0	1.0	9
	Slaria	1988	4	1.0	0.0	1.0	0.0	1.0	9
	lillsussan	1980	3	5.0	1.0	4.0	0.2	0.8	7
	NeMeAr	1983	4	2.0	0.0	2.0	0.0	1.0	8
	TinaLi	1984	4	23.0	0.0	23.0	0.0	1.0	8
	Hestia	1981	3	3.0	0.0	3.0	0.0	1.0	7
	Equal	1979	3	1.0	0.0	1.0	0.0	1.0	7
	sleeping angel	1984	4	6.0	1.0	5.0	0.16666666666666666	0.8333333333333334	8
	marysoul	1988	4	1.0	0.0	1.0	0.0	1.0	9
	mammakristina	1978	3	11.0	0.0	11.0	0.0	1.0	7
	NicoleSthlm	1984	4	8.0	0.0	8.0	0.0	1.0	8
	Liona	1981	3	4.0	0.0	4.0	0.0	1.0	7
	Colisa	1981	3	3.0	0.0	3.0	0.0	1.0	7
	Liam0411	1976	3	2.0	0.0	2.0	0.0	1.0	6
	Naura	1984	4	4.0	0.0	4.0	0.0	1.0	8
	Uliise	1988	4	5.0	0.0	5.0	0.0	1.0	9
	ida  maria	1981	3	4.0	0.0	4.0	0.0	1.0	7
	Mållgan	1982	3	5.0	0.0	5.0	0.0	1.0	7
	Kilsbergen	1979	3	1.0	0.0	1.0	0.0	1.0	7
	junk	1986	4	1.0	0.0	1.0	0.0	1.0	8
	Pappa2006	1979	3	1.0	0.0	1.0	0.0	1.0	7
	fjomsan	1982	3	2.0	0.0	2.0	0.0	1.0	7
	Horst	1976	3	2.0	0.0	2.0	0.0	1.0	6
	Nikki81	1982	3	4.0	0.0	4.0	0.0	1.0	7
	FridaLee	1987	4	6.0	0.0	6.0	0.0	1.0	8
	Nellabus	1978	3	1.0	0.0	1.0	0.0	1.0	7
	gullunge1	1987	4	1.0	0.0	1.0	0.0	1.0	8
	Gyllan	1985	4	3.0	0.0	3.0	0.0	1.0	8
	Tröttimössan	1981	3	2.0	0.0	2.0	0.0	1.0	7
	livet från ljusa sidan	1981	3	4.0	0.0	4.0	0.0	1.0	7
	emmisss	1985	4	2.0	0.0	2.0	0.0	1.0	8
	högbergarna	1979	3	16.0	0.0	16.0	0.0	1.0	7
	larssonsophie	1984	4	2.0	0.0	2.0	0.0	1.0	8
	jessican	1979	3	1.0	0.0	1.0	0.0	1.0	7
	Stella81	1982	3	12.0	0.0	12.0	0.0	1.0	7
	Sara E	1985	4	5.0	0.0	5.0	0.0	1.0	8
	sara1981	1982	3	2.0	0.0	2.0	0.0	1.0	7
	Cerenna	1981	3	1.0	0.0	1.0	0.0	1.0	7
	Rainbowbright	1983	4	2.0	0.0	2.0	0.0	1.0	8
	honeydew	1986	4	2.0	0.0	2.0	0.0	1.0	8
	Yamma	1973	3	1.0	0.0	1.0	0.0	1.0	6
	Laguna	1973	3	4.0	0.0	4.0	0.0	1.0	6
	Superhero	1983	4	5.0	0.0	5.0	0.0	1.0	8
	Mamma till Simon	1978	3	4.0	0.0	4.0	0.0	1.0	7
	Smulu	1979	3	5.0	0.0	5.0	0.0	1.0	7
	Emeli	1954	1	1.0	0.0	1.0	0.0	1.0	2
	Livsglädjen	1973	3	4.0	0.0	4.0	0.0	1.0	6
	Emmy K	1979	3	1.0	0.0	1.0	0.0	1.0	7
	Little Mrs Li	1983	4	1.0	0.0	1.0	0.0	1.0	8
	Klara 80	1981	3	3.0	0.0	3.0	0.0	1.0	7
	Lina Nk	1990	4	2.0	0.0	2.0	0.0	1.0	9
	Riskiflickan	1981	3	11.0	0.0	11.0	0.0	1.0	7
	LsomiLinda	1986	4	2.0	0.0	2.0	0.0	1.0	8
	LinaTed	1987	4	11.0	0.0	11.0	0.0	1.0	8
	Enigmia	1977	3	10.0	0.0	10.0	0.0	1.0	6
	solstraalen	1982	3	21.0	0.0	21.0	0.0	1.0	7
	Greta Anna	1978	3	12.0	0.0	12.0	0.0	1.0	7
	nattisss	1987	4	1.0	0.0	1.0	0.0	1.0	8
	april79	1980	3	8.0	0.0	8.0	0.0	1.0	7
	Erase	1973	3	5.0	0.0	5.0	0.0	1.0	6
	AEL	1983	4	3.0	1.0	2.0	0.3333333333333333	0.6666666666666666	8
	Smuliz	1982	3	12.0	0.0	12.0	0.0	1.0	7
	cid	1985	4	4.0	0.0	4.0	0.0	1.0	8
	Winglur	1989	4	13.0	0.0	13.0	0.0	1.0	9
	sazzia	1987	4	4.0	0.0	4.0	0.0	1.0	8
	Wednesday85	1986	4	10.0	0.0	10.0	0.0	1.0	8
	Miisa	1984	4	10.0	0.0	10.0	0.0	1.0	8
	MiniFröberg	1984	4	3.0	0.0	3.0	0.0	1.0	8
	mithrandil	1983	4	72.0	1.0	71.0	0.013888888888888888	0.9861111111111112	8
	Ärtansmamma	1985	4	3.0	0.0	3.0	0.0	1.0	8
	hejsvej	1983	4	13.0	0.0	13.0	0.0	1.0	8
	Bumblebina	1978	3	10.0	1.0	9.0	0.1	0.9	7
	nötskrikan	1978	3	7.0	0.0	7.0	0.0	1.0	7
	So nice	1971	2	1.0	0.0	1.0	0.0	1.0	5
	annie80	1981	3	14.0	0.0	14.0	0.0	1.0	7
	Linda1986	1987	4	4.0	0.0	4.0	0.0	1.0	8
	guldplutt	1971	2	14.0	1.0	13.0	0.07142857142857142	0.9285714285714286	5
	clembke	1981	3	18.0	3.0	15.0	0.16666666666666666	0.8333333333333334	7
	lillabebben	1980	3	14.0	0.0	14.0	0.0	1.0	7
	Rastafairy	1987	4	10.0	0.0	10.0	0.0	1.0	8
	gravid85	1986	4	4.0	1.0	3.0	0.25	0.75	8
	LitenIsa	1983	4	3.0	0.0	3.0	0.0	1.0	8
	lisadragon	1985	4	5.0	0.0	5.0	0.0	1.0	8
	MrsC	1985	4	1.0	0.0	1.0	0.0	1.0	8
	ELLY78	1979	3	1.0	0.0	1.0	0.0	1.0	7
	Lilla C	1979	3	2.0	0.0	2.0	0.0	1.0	7
	Lia och bäbisen	1983	4	14.0	0.0	14.0	0.0	1.0	8
	Albasmamma	1983	4	2.0	0.0	2.0	0.0	1.0	8
	jaghetersophia	1983	4	8.0	0.0	8.0	0.0	1.0	8
	Mulle78	1979	3	5.0	0.0	5.0	0.0	1.0	7
	Kultis	1981	3	15.0	0.0	15.0	0.0	1.0	7
	Juppepuppe	1980	3	3.0	1.0	2.0	0.3333333333333333	0.6666666666666666	7
	Mamma1988	1989	4	5.0	0.0	5.0	0.0	1.0	9
	Karin och Pyret	1980	3	1.0	0.0	1.0	0.0	1.0	7
	Smilla0608	1981	3	5.0	0.0	5.0	0.0	1.0	7
	Tindrande	1983	4	2.0	0.0	2.0	0.0	1.0	8
	Duvmamman	1982	3	2.0	0.0	2.0	0.0	1.0	7
	miamartini	1982	3	2.0	0.0	2.0	0.0	1.0	7
	Zessan84	1985	4	7.0	0.0	7.0	0.0	1.0	8
	LindaPalm	1984	4	4.0	0.0	4.0	0.0	1.0	8
	tessan27	1978	3	9.0	1.0	8.0	0.1111111111111111	0.8888888888888888	7
	Pyre på väg	1983	4	1.0	0.0	1.0	0.0	1.0	8
	Tatiin	1985	4	1.0	0.0	1.0	0.0	1.0	8
	dubbelt upp	1980	3	1.0	0.0	1.0	0.0	1.0	7
	MajaB	1984	4	2.0	0.0	2.0	0.0	1.0	8
	Strawberry3	1979	3	6.0	0.0	6.0	0.0	1.0	7
	Lyckobebisen	1986	4	1.0	0.0	1.0	0.0	1.0	8
	Lillatroll	1974	3	7.0	0.0	7.0	0.0	1.0	6
	Happyness	1964	2	1.0	0.0	1.0	0.0	1.0	4
	mirrebusan	1985	4	8.0	0.0	8.0	0.0	1.0	8
	Mammat3	1987	4	3.0	0.0	3.0	0.0	1.0	8
	Lill Mamsen	1985	4	6.0	0.0	6.0	0.0	1.0	8
	Minisen	1976	3	4.0	0.0	4.0	0.0	1.0	6
	Jessa76	1977	3	3.0	0.0	3.0	0.0	1.0	6
	Skruttis1979	1979	3	24.0	2.0	22.0	0.08333333333333333	0.9166666666666666	7
	somanjot	1982	3	1.0	1.0	0.0	1.0	0.0	7
	JennyL29	1980	3	9.0	0.0	9.0	0.0	1.0	7
	Dajo	1986	4	3.0	0.0	3.0	0.0	1.0	8
	Michanna	1978	3	1.0	0.0	1.0	0.0	1.0	7
	spallen	1976	3	1.0	1.0	0.0	1.0	0.0	6
	SaraSahara	1980	3	2.0	0.0	2.0	0.0	1.0	7
	Jaramla	1980	3	11.0	0.0	11.0	0.0	1.0	7
	Acelise	1984	4	5.0	0.0	5.0	0.0	1.0	8
	rockmamman	1984	4	4.0	0.0	4.0	0.0	1.0	8
	Moment22	1981	3	1.0	0.0	1.0	0.0	1.0	7
	Mammatillfem	1986	4	2.0	0.0	2.0	0.0	1.0	8
	marla333	1987	4	8.0	0.0	8.0	0.0	1.0	8
	mellieB	1988	4	5.0	0.0	5.0	0.0	1.0	9
	Virga	1975	3	7.0	2.0	5.0	0.2857142857142857	0.7142857142857143	6
	Klubben	1974	3	2.0	0.0	2.0	0.0	1.0	6
	Soffiie	1979	3	1.0	0.0	1.0	0.0	1.0	7
	Lunamamma	1971	2	1.0	0.0	1.0	0.0	1.0	5
	FrökenLarsson	1989	4	2.0	0.0	2.0	0.0	1.0	9
	Gostosa	1981	3	2.0	0.0	2.0	0.0	1.0	7
	anyXX	1983	4	8.0	0.0	8.0	0.0	1.0	8
	2barnsmorsa	1982	3	1.0	0.0	1.0	0.0	1.0	7
	mariaheterjag	1982	3	17.0	0.0	17.0	0.0	1.0	7
	carola78	1979	3	2.0	0.0	2.0	0.0	1.0	7
	Jola	1977	3	1.0	0.0	1.0	0.0	1.0	6
	memba	1981	3	1.0	0.0	1.0	0.0	1.0	7
	DestinationX	1978	3	1.0	0.0	1.0	0.0	1.0	7
	Camilla85	1986	4	5.0	0.0	5.0	0.0	1.0	8
	mmn1	1986	4	4.0	0.0	4.0	0.0	1.0	8
	Cinderella87	1988	4	1.0	0.0	1.0	0.0	1.0	9
	solstickan41	1967	2	7.0	1.0	6.0	0.14285714285714285	0.8571428571428571	4
	Lina N	1979	3	4.0	0.0	4.0	0.0	1.0	7
	Catasita81	1982	3	2.0	0.0	2.0	0.0	1.0	7
	Karla79	1980	3	2.0	0.0	2.0	0.0	1.0	7
	sofiaolivia	1988	4	3.0	0.0	3.0	0.0	1.0	9
	BabyJia	1985	4	2.0	0.0	2.0	0.0	1.0	8
	hannis	1979	3	3.0	0.0	3.0	0.0	1.0	7
	Cecilia80	1981	3	3.0	0.0	3.0	0.0	1.0	7
	Konvaljen	1985	4	6.0	0.0	6.0	0.0	1.0	8
	LillaEllan	1987	4	3.0	0.0	3.0	0.0	1.0	8
	ErikaCC	1979	3	1.0	0.0	1.0	0.0	1.0	7
	Sofia85	1986	4	1.0	0.0	1.0	0.0	1.0	8
	Rollindynamite	1991	4	8.0	0.0	8.0	0.0	1.0	9
	lindamarias	1974	3	3.0	0.0	3.0	0.0	1.0	6
	Cecilia86	1987	4	2.0	0.0	2.0	0.0	1.0	8
	Komänglar	1977	3	2.0	0.0	2.0	0.0	1.0	6
	Thessis77	1978	3	9.0	0.0	9.0	0.0	1.0	7
	Ellani	1983	4	25.0	0.0	25.0	0.0	1.0	8
	Josse B	1981	3	2.0	0.0	2.0	0.0	1.0	7
	sancho	1986	4	2.0	0.0	2.0	0.0	1.0	8
	Fröken J	1974	3	3.0	0.0	3.0	0.0	1.0	6
	Dixy	1981	3	1.0	0.0	1.0	0.0	1.0	7
	sandrafia	1984	4	4.0	0.0	4.0	0.0	1.0	8
	mariiee	1986	4	4.0	2.0	2.0	0.5	0.5	8
	vattendjuret	1990	4	3.0	0.0	3.0	0.0	1.0	9
	allt och lite till	1988	4	3.0	0.0	3.0	0.0	1.0	9
	Vattuman83	1984	4	2.0	0.0	2.0	0.0	1.0	8
	mammatillFelix	1982	3	3.0	0.0	3.0	0.0	1.0	7
	LillaLoppanT	1981	3	13.0	0.0	13.0	0.0	1.0	7
	mammasgullar	1990	4	6.0	0.0	6.0	0.0	1.0	9
	goatess82	1983	4	4.0	0.0	4.0	0.0	1.0	8
	mariamitsu	1978	3	1.0	0.0	1.0	0.0	1.0	7
	Petrellie	1974	3	7.0	0.0	7.0	0.0	1.0	6
	Lillis 1977	1978	3	4.0	0.0	4.0	0.0	1.0	7
	Känslan	1982	3	5.0	1.0	4.0	0.2	0.8	7
	Humpan	1975	3	4.0	0.0	4.0	0.0	1.0	6
	Tobbelina	1980	3	2.0	0.0	2.0	0.0	1.0	7
	crazy hannah	1987	4	15.0	4.0	11.0	0.26666666666666666	0.7333333333333333	8
	Sylten	1978	3	2.0	0.0	2.0	0.0	1.0	7
	Trillian80	1986	4	10.0	0.0	10.0	0.0	1.0	8
	jesslaw	1982	3	2.0	0.0	2.0	0.0	1.0	7
	madeleinesophie	1988	4	3.0	0.0	3.0	0.0	1.0	9
	Emlan88	1989	4	1.0	0.0	1.0	0.0	1.0	9
	PHofie	1987	4	4.0	0.0	4.0	0.0	1.0	8
	Amulett	1976	3	25.0	0.0	25.0	0.0	1.0	6
	UmmAminah	1985	4	15.0	0.0	15.0	0.0	1.0	8
	Dawngirl	1986	4	1.0	0.0	1.0	0.0	1.0	8
	rosendal	1987	4	2.0	0.0	2.0	0.0	1.0	8
	vimsan06	1987	4	1.0	0.0	1.0	0.0	1.0	8
	Annsiss	1983	4	1.0	0.0	1.0	0.0	1.0	8
	hjärta	1989	4	1.0	0.0	1.0	0.0	1.0	9
	Grynet09	1977	3	1.0	0.0	1.0	0.0	1.0	6
	min lilla groda	1982	3	2.0	0.0	2.0	0.0	1.0	7
	EmmaLengstrand	1987	4	2.0	0.0	2.0	0.0	1.0	8
	AvalonC	1982	3	2.0	0.0	2.0	0.0	1.0	7
	Väntar första barnet	1985	4	2.0	0.0	2.0	0.0	1.0	8
	Epona	1982	3	1.0	0.0	1.0	0.0	1.0	7
	marlene83	1984	4	5.0	0.0	5.0	0.0	1.0	8
	emilsmamma	1983	4	2.0	0.0	2.0	0.0	1.0	8
	MiniStumpan	1983	4	5.0	1.0	4.0	0.2	0.8	8
	MrsEnglund	1982	3	2.0	0.0	2.0	0.0	1.0	7
	babyboom2005	1984	4	1.0	0.0	1.0	0.0	1.0	8
	FCBJ	1974	3	3.0	0.0	3.0	0.0	1.0	6
	Makkinje	1987	4	1.0	0.0	1.0	0.0	1.0	8
	Mirali	1989	4	2.0	0.0	2.0	0.0	1.0	9
	Linduccia	1976	3	3.0	0.0	3.0	0.0	1.0	6
	Ninnus	1983	4	1.0	0.0	1.0	0.0	1.0	8
	Hella08	1986	4	1.0	0.0	1.0	0.0	1.0	8
	Klunsen111	1976	3	4.0	0.0	4.0	0.0	1.0	6
	Cattis40	1967	2	8.0	1.0	7.0	0.125	0.875	4
	theesi	1988	4	2.0	0.0	2.0	0.0	1.0	9
	mimamima	1967	2	2.0	0.0	2.0	0.0	1.0	4
	aprilfamilj	1987	4	7.0	0.0	7.0	0.0	1.0	8
	Skrutten00	1978	3	2.0	0.0	2.0	0.0	1.0	7
	emo	1972	2	3.0	0.0	3.0	0.0	1.0	5
	Julianna	1974	3	1.0	0.0	1.0	0.0	1.0	6
	mrsjo	1981	3	2.0	0.0	2.0	0.0	1.0	7
	lilyanna	1986	4	2.0	2.0	0.0	1.0	0.0	8
	Snooz	1978	3	1.0	0.0	1.0	0.0	1.0	7
	Ida04Emma06Thea09	1984	4	1.0	0.0	1.0	0.0	1.0	8
	sol1	1984	4	1.0	0.0	1.0	0.0	1.0	8
	fjonkan	1989	4	9.0	0.0	9.0	0.0	1.0	9
	LeyasMamma	1989	4	2.0	0.0	2.0	0.0	1.0	9
	mammasälskling	1983	4	2.0	0.0	2.0	0.0	1.0	8
	zitis81	1982	3	15.0	0.0	15.0	0.0	1.0	7
	Lily38	1974	3	2.0	0.0	2.0	0.0	1.0	6
	dontworrybehappy	1987	4	1.0	0.0	1.0	0.0	1.0	8
	Lina W	1982	3	1.0	0.0	1.0	0.0	1.0	7
	Mollystar	1981	3	5.0	0.0	5.0	0.0	1.0	7
	Tyrlöv	1983	4	2.0	0.0	2.0	0.0	1.0	8
	abuelita	1951	1	50.0	0.0	50.0	0.0	1.0	1
	Sjuan	1977	3	5.0	0.0	5.0	0.0	1.0	6
	Lullisgirl	1978	3	1.0	0.0	1.0	0.0	1.0	7
	morotsland	1981	3	11.0	0.0	11.0	0.0	1.0	7
	Impertiff	1974	3	7.0	0.0	7.0	0.0	1.0	6
	ananasen01	1979	3	9.0	0.0	9.0	0.0	1.0	7
	jagkan	1978	3	1.0	1.0	0.0	1.0	0.0	7
	mamman2008	1982	3	3.0	0.0	3.0	0.0	1.0	7
	the W family	1982	3	1.0	0.0	1.0	0.0	1.0	7
	Anubisa	1979	3	5.0	0.0	5.0	0.0	1.0	7
	marremask	1980	3	2.0	0.0	2.0	0.0	1.0	7
	Snäckan84	1985	4	6.0	0.0	6.0	0.0	1.0	8
	Thesso	1991	4	9.0	0.0	9.0	0.0	1.0	9
	Empo	1985	4	5.0	0.0	5.0	0.0	1.0	8
	ellinormaria	1978	3	2.0	0.0	2.0	0.0	1.0	7
	Adnil76	1977	3	1.0	0.0	1.0	0.0	1.0	6
	Molfel	1987	4	2.0	1.0	1.0	0.5	0.5	8
	Numminen	1976	3	1.0	0.0	1.0	0.0	1.0	6
	Fia86	1987	4	3.0	0.0	3.0	0.0	1.0	8
	Emeliee	1981	3	10.0	0.0	10.0	0.0	1.0	7
	Tilda	1981	3	2.0	0.0	2.0	0.0	1.0	7
	Pinje	1972	2	3.0	0.0	3.0	0.0	1.0	5
	Moomin	1982	3	3.0	0.0	3.0	0.0	1.0	7
	Mary Wollstonecraft	1978	3	2.0	0.0	2.0	0.0	1.0	7
	view	1987	4	1.0	0.0	1.0	0.0	1.0	8
	Sara K	1986	4	3.0	0.0	3.0	0.0	1.0	8
	Kryztina	1978	3	2.0	0.0	2.0	0.0	1.0	7
	msmalin	1982	3	6.0	0.0	6.0	0.0	1.0	7
	C0211	1980	3	1.0	0.0	1.0	0.0	1.0	7
	sweetfia	1988	4	1.0	0.0	1.0	0.0	1.0	9
	Martinis	1984	4	2.0	0.0	2.0	0.0	1.0	8
	UmeåElin	1982	3	9.0	0.0	9.0	0.0	1.0	7
	Puman78	1979	3	5.0	0.0	5.0	0.0	1.0	7
	MammasGos	1980	3	1.0	0.0	1.0	0.0	1.0	7
	lenabolin	1982	3	5.0	0.0	5.0	0.0	1.0	7
	beijer	1985	4	4.0	0.0	4.0	0.0	1.0	8
	vivi85	1986	4	1.0	0.0	1.0	0.0	1.0	8
	Limja	1975	3	2.0	0.0	2.0	0.0	1.0	6
	Bebbefabriken	1979	3	2.0	0.0	2.0	0.0	1.0	7
	MammanZ	1976	3	3.0	0.0	3.0	0.0	1.0	6
	Lucaz mamma	1973	3	5.0	0.0	5.0	0.0	1.0	6
	J Anttila	1980	3	6.0	1.0	5.0	0.16666666666666666	0.8333333333333334	7
	Lilla Morran	1984	4	10.0	0.0	10.0	0.0	1.0	8
	camas	1984	4	1.0	0.0	1.0	0.0	1.0	8
	Tingeling76	1977	3	4.0	0.0	4.0	0.0	1.0	6
	Bustrollen	1988	4	7.0	1.0	6.0	0.14285714285714285	0.8571428571428571	9
	MangaGirl	1978	3	2.0	0.0	2.0	0.0	1.0	7
	ump	1978	3	1.0	0.0	1.0	0.0	1.0	7
	MissMy	1985	4	9.0	0.0	9.0	0.0	1.0	8
	underverket 06	1971	2	12.0	0.0	12.0	0.0	1.0	5
	Ölandstok	1973	3	3.0	0.0	3.0	0.0	1.0	6
	yodi	1980	3	2.0	1.0	1.0	0.5	0.5	7
	Kajsa86	1987	4	1.0	0.0	1.0	0.0	1.0	8
	Rix	1972	2	1.0	0.0	1.0	0.0	1.0	5
	cherrypie	1972	2	4.0	0.0	4.0	0.0	1.0	5
	brandynova	1982	3	4.0	0.0	4.0	0.0	1.0	7
	Friiidaa	1986	4	1.0	0.0	1.0	0.0	1.0	8
	Anjonen	1974	3	1.0	0.0	1.0	0.0	1.0	6
	Seka	1975	3	1.0	0.0	1.0	0.0	1.0	6
	Pyris	1978	3	12.0	0.0	12.0	0.0	1.0	7
	lykantrophona	1990	4	5.0	0.0	5.0	0.0	1.0	9
	Alexandria	1974	3	2.0	1.0	1.0	0.5	0.5	6
	Strawberry Mum	1984	4	1.0	0.0	1.0	0.0	1.0	8
	dahrma74	1975	3	3.0	0.0	3.0	0.0	1.0	6
	Maac	1984	4	3.0	0.0	3.0	0.0	1.0	8
	Kicki	1981	3	1.0	0.0	1.0	0.0	1.0	7
	Lindyn	1985	4	1.0	1.0	0.0	1.0	0.0	8
	Wonderbabe	1987	4	3.0	0.0	3.0	0.0	1.0	8
	MariaE	1980	3	1.0	0.0	1.0	0.0	1.0	7
	Carolinalovetobias	1991	4	1.0	0.0	1.0	0.0	1.0	9
	Alexe	1977	3	3.0	0.0	3.0	0.0	1.0	6
	MIC	1985	4	3.0	0.0	3.0	0.0	1.0	8
	Liberté	1985	4	1.0	0.0	1.0	0.0	1.0	8
	versus	1987	4	18.0	1.0	17.0	0.05555555555555555	0.9444444444444444	8
	lillalitenjag	1982	3	1.0	0.0	1.0	0.0	1.0	7
	Chilisen	1969	2	20.0	0.0	20.0	0.0	1.0	5
	Helen 1984	1985	4	1.0	0.0	1.0	0.0	1.0	8
	Isch	1986	4	1.0	0.0	1.0	0.0	1.0	8
	pojkens	1975	3	7.0	0.0	7.0	0.0	1.0	6
	FannyB	1982	3	4.0	0.0	4.0	0.0	1.0	7
	Helene70	1971	2	3.0	0.0	3.0	0.0	1.0	5
	soryd	1981	3	4.0	0.0	4.0	0.0	1.0	7
	Aroma	1982	3	2.0	0.0	2.0	0.0	1.0	7
	blomman 2	1965	2	1.0	0.0	1.0	0.0	1.0	4
	Lekia	1979	3	1.0	1.0	0.0	1.0	0.0	7
	Sofi 79	1980	3	3.0	0.0	3.0	0.0	1.0	7
	Loijsisen	1978	3	1.0	0.0	1.0	0.0	1.0	7
	ellla	1984	4	8.0	0.0	8.0	0.0	1.0	8
	Zephir	1986	4	5.0	1.0	4.0	0.2	0.8	8
	tokmonkan	1980	3	1.0	0.0	1.0	0.0	1.0	7
	madde10	1976	3	2.0	0.0	2.0	0.0	1.0	6
	Tillalamm	1983	4	1.0	0.0	1.0	0.0	1.0	8
	Jkpg Deluxe	1985	4	5.0	0.0	5.0	0.0	1.0	8
	SanSis	1986	4	1.0	0.0	1.0	0.0	1.0	8
	värmeljus	1976	3	1.0	0.0	1.0	0.0	1.0	6
	LaSexorcisto	1986	4	1.0	0.0	1.0	0.0	1.0	8
	IsaN	1974	3	5.0	0.0	5.0	0.0	1.0	6
	Tobben	1982	3	1.0	0.0	1.0	0.0	1.0	7
	AAEV	1987	4	7.0	0.0	7.0	0.0	1.0	8
	kvinna 86	1987	4	5.0	0.0	5.0	0.0	1.0	8
	Kerstin	1985	4	36.0	3.0	33.0	0.08333333333333333	0.9166666666666666	8
	Alex  mamma	1977	3	1.0	0.0	1.0	0.0	1.0	6
	luzorsus	1978	3	4.0	0.0	4.0	0.0	1.0	7
	3 barns mor	1983	4	1.0	0.0	1.0	0.0	1.0	8
	Fanaya	1983	4	1.0	0.0	1.0	0.0	1.0	8
	nattfrost	1988	4	8.0	0.0	8.0	0.0	1.0	9
	maccadam	1986	4	3.0	0.0	3.0	0.0	1.0	8
	kvinna79	1980	3	4.0	0.0	4.0	0.0	1.0	7
	trebarnsmamma79	1980	3	1.0	0.0	1.0	0.0	1.0	7
	Isabelles85	1986	4	7.0	0.0	7.0	0.0	1.0	8
	Anna J01	1987	4	6.0	0.0	6.0	0.0	1.0	8
	Daz	1980	3	1.0	0.0	1.0	0.0	1.0	7
	Lucia1987	1988	4	6.0	0.0	6.0	0.0	1.0	9
	Alvine	1989	4	22.0	0.0	22.0	0.0	1.0	9
	Purelyplatonic	1980	3	10.0	3.0	7.0	0.3	0.7	7
	wallis	1982	3	4.0	0.0	4.0	0.0	1.0	7
	Vitros	1976	3	6.0	0.0	6.0	0.0	1.0	6
	nick name	1969	2	1.0	0.0	1.0	0.0	1.0	5
	Bondfia	1972	2	12.0	0.0	12.0	0.0	1.0	5
	Sissa Blom	1974	3	2.0	0.0	2.0	0.0	1.0	6
	malinorebro	1979	3	1.0	0.0	1.0	0.0	1.0	7
	Majjis	1985	4	2.0	0.0	2.0	0.0	1.0	8
	PetraMunchen	1972	2	4.0	0.0	4.0	0.0	1.0	5
	Lillii	1987	4	5.0	0.0	5.0	0.0	1.0	8
	Vicki77	1978	3	1.0	0.0	1.0	0.0	1.0	7
	Calles matte	1979	3	4.0	0.0	4.0	0.0	1.0	7
	Fru H 81	1982	3	8.0	0.0	8.0	0.0	1.0	7
	Dreamrose	1975	3	3.0	0.0	3.0	0.0	1.0	6
	Lindizz	1986	4	15.0	0.0	15.0	0.0	1.0	8
	malininorrköping	1975	3	1.0	0.0	1.0	0.0	1.0	6
	siren	1989	4	4.0	0.0	4.0	0.0	1.0	9
	mammaannika	1987	4	1.0	0.0	1.0	0.0	1.0	8
	malin neli	1981	3	1.0	0.0	1.0	0.0	1.0	7
	Freyja	1985	4	1.0	0.0	1.0	0.0	1.0	8
	Lilaa	1982	3	2.0	0.0	2.0	0.0	1.0	7
	mal	1983	4	2.0	0.0	2.0	0.0	1.0	8
	Pochahontas	1974	3	4.0	0.0	4.0	0.0	1.0	6
	krost	1977	3	1.0	0.0	1.0	0.0	1.0	6
	Lillen09	1990	4	2.0	0.0	2.0	0.0	1.0	9
	Ebbis	1984	4	1.0	0.0	1.0	0.0	1.0	8
	Vafan dåh	1985	4	1.0	0.0	1.0	0.0	1.0	8
	N88	1989	4	1.0	0.0	1.0	0.0	1.0	9
	nikki2006	1967	2	4.0	0.0	4.0	0.0	1.0	4
	Hellström	1979	3	1.0	0.0	1.0	0.0	1.0	7
	Breathe Me	1986	4	1.0	0.0	1.0	0.0	1.0	8
	J1983	1984	4	3.0	0.0	3.0	0.0	1.0	8
	Koocachoo	1979	3	1.0	0.0	1.0	0.0	1.0	7
	TheFamily	1980	3	6.0	0.0	6.0	0.0	1.0	7
	Jose	1988	4	2.0	0.0	2.0	0.0	1.0	9
	Bullan1978	1979	3	6.0	0.0	6.0	0.0	1.0	7
	Kuben	1975	3	1.0	1.0	0.0	1.0	0.0	6
	Isabelsmamma	1986	4	1.0	0.0	1.0	0.0	1.0	8
	eliten	1983	4	1.0	0.0	1.0	0.0	1.0	8
	Lakrids	1977	3	2.0	0.0	2.0	0.0	1.0	6
	Catox9	1982	3	1.0	0.0	1.0	0.0	1.0	7
	Lisa1977	1978	3	3.0	0.0	3.0	0.0	1.0	7
	Lurpa	1983	4	4.0	0.0	4.0	0.0	1.0	8
	Tokfia 7	1978	3	2.0	0.0	2.0	0.0	1.0	7
	Emejli	1988	4	1.0	0.0	1.0	0.0	1.0	9
	Cjes83	1984	4	7.0	1.0	6.0	0.14285714285714285	0.8571428571428571	8
	Nyfiken86	1987	4	3.0	0.0	3.0	0.0	1.0	8
	NummerTvå0710	1990	4	3.0	0.0	3.0	0.0	1.0	9
	StinaStina	1986	4	2.0	0.0	2.0	0.0	1.0	8
	Finasteunge	1987	4	1.0	0.0	1.0	0.0	1.0	8
	madde1983	1984	4	1.0	0.0	1.0	0.0	1.0	8
	inessa	1981	3	2.0	0.0	2.0	0.0	1.0	7
	lilletrille	1979	3	1.0	0.0	1.0	0.0	1.0	7
	BELLAm2	1982	3	1.0	0.0	1.0	0.0	1.0	7
	tree	1987	4	1.0	0.0	1.0	0.0	1.0	8
	Getz	1987	4	2.0	0.0	2.0	0.0	1.0	8
	Blubban82	1983	4	1.0	0.0	1.0	0.0	1.0	8
	Johanna75	1976	3	2.0	0.0	2.0	0.0	1.0	6
	Mrs J	1977	3	6.0	0.0	6.0	0.0	1.0	6
	Dohgon	1988	4	8.0	0.0	8.0	0.0	1.0	9
	mamma0005	1981	3	1.0	0.0	1.0	0.0	1.0	7
	Mysan31	1981	3	1.0	0.0	1.0	0.0	1.0	7
	Teza73	1974	3	3.0	0.0	3.0	0.0	1.0	6
	mikaela1978	1979	3	4.0	0.0	4.0	0.0	1.0	7
	karin h	1978	3	2.0	0.0	2.0	0.0	1.0	7
	Balooba	1979	3	3.0	0.0	3.0	0.0	1.0	7
	swiitii	1988	4	20.0	0.0	20.0	0.0	1.0	9
	pinkiepie	1979	3	4.0	0.0	4.0	0.0	1.0	7
	dec06	1978	3	10.0	0.0	10.0	0.0	1.0	7
	Chaktio	1977	3	10.0	0.0	10.0	0.0	1.0	6
	Cathie	1983	4	1.0	0.0	1.0	0.0	1.0	8
	NochA	1985	4	4.0	1.0	3.0	0.25	0.75	8
	lisa86	1987	4	3.0	0.0	3.0	0.0	1.0	8
	MissSindra	1982	3	2.0	0.0	2.0	0.0	1.0	7
	Angeeliicca	1991	4	1.0	0.0	1.0	0.0	1.0	9
	strawberrypie	1985	4	6.0	0.0	6.0	0.0	1.0	8
	Ninnis75	1976	3	19.0	0.0	19.0	0.0	1.0	6
	LindaB85	1986	4	1.0	0.0	1.0	0.0	1.0	8
	Ninnan	1974	3	1.0	0.0	1.0	0.0	1.0	6
	Minnon	1982	3	7.0	0.0	7.0	0.0	1.0	7
	Lily of the Valley	1986	4	3.0	0.0	3.0	0.0	1.0	8
	frau M	1984	4	2.0	0.0	2.0	0.0	1.0	8
	Therre	1989	4	1.0	0.0	1.0	0.0	1.0	9
	skånegås	1982	3	2.0	0.0	2.0	0.0	1.0	7
	Tizzan	1984	4	6.0	0.0	6.0	0.0	1.0	8
	Habbi	1991	4	1.0	0.0	1.0	0.0	1.0	9
	babydeluxe	1983	4	3.0	0.0	3.0	0.0	1.0	8
	susieQ	1984	4	1.0	0.0	1.0	0.0	1.0	8
	Linjen	1986	4	1.0	0.0	1.0	0.0	1.0	8
	kicki08	1978	3	34.0	0.0	34.0	0.0	1.0	7
	morguse	1982	3	2.0	0.0	2.0	0.0	1.0	7
	Epica	1992	4	1.0	1.0	0.0	1.0	0.0	9
	FruHH	1973	3	1.0	0.0	1.0	0.0	1.0	6
	L86	1987	4	1.0	0.0	1.0	0.0	1.0	8
	EricaN81	1982	3	2.0	0.0	2.0	0.0	1.0	7
	Ella H	1965	2	1.0	0.0	1.0	0.0	1.0	4
	MinÖgonsten	1985	4	7.0	0.0	7.0	0.0	1.0	8
	knastintis	1983	4	1.0	0.0	1.0	0.0	1.0	8
	Rundabullar	1980	3	3.0	0.0	3.0	0.0	1.0	7
	Juli1	1978	3	2.0	0.0	2.0	0.0	1.0	7
	BrunoBus	1985	4	1.0	0.0	1.0	0.0	1.0	8
	Nostalgitripp	1990	4	1.0	0.0	1.0	0.0	1.0	9
	NoWiMom	1987	4	1.0	0.0	1.0	0.0	1.0	8
	Bonzan	1983	4	2.0	0.0	2.0	0.0	1.0	8
	Aprilbarn1	1989	4	1.0	0.0	1.0	0.0	1.0	9
	ostkroken	1983	4	1.0	0.0	1.0	0.0	1.0	8
	Johjo	1985	4	6.0	0.0	6.0	0.0	1.0	8
	smelata	1987	4	1.0	0.0	1.0	0.0	1.0	8
	äntligen Vi	1984	4	1.0	0.0	1.0	0.0	1.0	8
	God cares	1986	4	2.0	0.0	2.0	0.0	1.0	8
	Aaglars	1971	2	9.0	0.0	9.0	0.0	1.0	5
	vill bli mamma 2009	1976	3	3.0	0.0	3.0	0.0	1.0	6
	E11in0or	1990	4	4.0	0.0	4.0	0.0	1.0	9
	skogstok	1987	4	1.0	0.0	1.0	0.0	1.0	8
	popcornplaya	1986	4	15.0	0.0	15.0	0.0	1.0	8
	Maria1971	1981	3	3.0	0.0	3.0	0.0	1.0	7
	bambiii	1988	4	1.0	0.0	1.0	0.0	1.0	9
	eternalstar	1989	4	1.0	0.0	1.0	0.0	1.0	9
	Stella 78	1979	3	20.0	0.0	20.0	0.0	1.0	7
	Annsofie83	1984	4	2.0	1.0	1.0	0.5	0.5	8
	Fiabus	1968	2	3.0	0.0	3.0	0.0	1.0	5
	Malin 72	1972	2	1.0	0.0	1.0	0.0	1.0	5
	NovemberMommy	1992	4	1.0	0.0	1.0	0.0	1.0	9
	EbbsansMamma	1992	4	3.0	0.0	3.0	0.0	1.0	9
	SusiSue	1978	3	7.0	0.0	7.0	0.0	1.0	7
	daisy76	1977	3	1.0	0.0	1.0	0.0	1.0	6
	cattis83	1984	4	1.0	0.0	1.0	0.0	1.0	8
	Pingela	1980	3	1.0	0.0	1.0	0.0	1.0	7
	Annapanna80	1981	3	2.0	0.0	2.0	0.0	1.0	7
	LinnJes	1981	3	2.0	0.0	2.0	0.0	1.0	7
	Nifesoj	1988	4	1.0	0.0	1.0	0.0	1.0	9
	Gossow	1986	4	3.0	0.0	3.0	0.0	1.0	8
	Jokkan	1987	4	1.0	0.0	1.0	0.0	1.0	8
	kirsty	1986	4	1.0	0.0	1.0	0.0	1.0	8
	Mrs U	1983	4	4.0	0.0	4.0	0.0	1.0	8
	anna74	1985	4	3.0	0.0	3.0	0.0	1.0	8
	Bombus	1984	4	1.0	0.0	1.0	0.0	1.0	8
	Thuss	1982	3	1.0	0.0	1.0	0.0	1.0	7
	Höstbebis2010	1985	4	2.0	0.0	2.0	0.0	1.0	8
	Maja09	1979	3	13.0	0.0	13.0	0.0	1.0	7
	Margit	1982	3	1.0	0.0	1.0	0.0	1.0	7
	Cam82	1983	4	1.0	0.0	1.0	0.0	1.0	8
	Fe73	1974	3	7.0	0.0	7.0	0.0	1.0	6
	Annica1	1987	4	1.0	0.0	1.0	0.0	1.0	8
	jmynt	1989	4	4.0	0.0	4.0	0.0	1.0	9
	Kampis	1988	4	1.0	0.0	1.0	0.0	1.0	9
	jentho	1986	4	2.0	0.0	2.0	0.0	1.0	8
	Summer	1980	3	13.0	0.0	13.0	0.0	1.0	7
	ebk88	1988	4	2.0	0.0	2.0	0.0	1.0	9
	Fru LB	1984	4	4.0	0.0	4.0	0.0	1.0	8
	mama mellitus	1973	3	4.0	0.0	4.0	0.0	1.0	6
	Emo08	1980	3	2.0	0.0	2.0	0.0	1.0	7
	Chokladpinglan	1985	4	4.0	0.0	4.0	0.0	1.0	8
	Åja81	1982	3	1.0	0.0	1.0	0.0	1.0	7
	Kanejl	1982	3	10.0	0.0	10.0	0.0	1.0	7
	MollyN	1979	3	7.0	0.0	7.0	0.0	1.0	7
	AlexandraH	1989	4	1.0	0.0	1.0	0.0	1.0	9
	Stampan	1979	3	2.0	0.0	2.0	0.0	1.0	7
	MissUnderstood80	1981	3	7.0	0.0	7.0	0.0	1.0	7
	Josefine 85	1986	4	4.0	1.0	3.0	0.25	0.75	8
	1982	1982	3	2.0	0.0	2.0	0.0	1.0	7
	Quinnan	1990	4	1.0	0.0	1.0	0.0	1.0	9
	CamillaJ	1985	4	9.0	1.0	8.0	0.1111111111111111	0.8888888888888888	8
	Anna81	1982	3	9.0	0.0	9.0	0.0	1.0	7
	Tilda å Jimmy	1984	4	1.0	0.0	1.0	0.0	1.0	8
	Ida1990	1991	4	1.0	0.0	1.0	0.0	1.0	9
	jennnyberg	1981	3	1.0	0.0	1.0	0.0	1.0	7
	Hollie	1982	3	1.0	0.0	1.0	0.0	1.0	7
	Yori	1988	4	1.0	0.0	1.0	0.0	1.0	9
	JuliaIsabella	1982	3	7.0	0.0	7.0	0.0	1.0	7
	Meah	1979	3	2.0	0.0	2.0	0.0	1.0	7
	mamma2007	1986	4	2.0	0.0	2.0	0.0	1.0	8
	singer	1978	3	2.0	0.0	2.0	0.0	1.0	7
	swala	1980	3	2.0	0.0	2.0	0.0	1.0	7
	Mickaann	1988	4	1.0	0.0	1.0	0.0	1.0	9
	MammaNova	1983	4	1.0	0.0	1.0	0.0	1.0	8
	Heureka	1975	3	2.0	0.0	2.0	0.0	1.0	6
	EmelieL	1991	4	2.0	0.0	2.0	0.0	1.0	9
	FruHall	1989	4	6.0	0.0	6.0	0.0	1.0	9
	Zirkon	1989	4	3.0	0.0	3.0	0.0	1.0	9
	AnAngel	1984	4	6.0	0.0	6.0	0.0	1.0	8
	XJCX	1988	4	2.0	0.0	2.0	0.0	1.0	9
	IVFmamma	1983	4	16.0	0.0	16.0	0.0	1.0	8
	Lilla Mina	1979	3	1.0	0.0	1.0	0.0	1.0	7
	Jordgubben82	1983	4	1.0	0.0	1.0	0.0	1.0	8
	Nanniz	1980	3	1.0	0.0	1.0	0.0	1.0	7
	HH78	1978	3	1.0	0.0	1.0	0.0	1.0	7
	Jelan	1987	4	2.0	0.0	2.0	0.0	1.0	8
	MiieRO	1981	3	4.0	1.0	3.0	0.25	0.75	7
	örnen	1984	4	1.0	0.0	1.0	0.0	1.0	8
	Camilita	1988	4	1.0	0.0	1.0	0.0	1.0	9
	Håll min hand	1987	4	6.0	0.0	6.0	0.0	1.0	8
	ceropegia	1983	4	13.0	0.0	13.0	0.0	1.0	8
	Tezzy	1981	3	6.0	0.0	6.0	0.0	1.0	7
	Dianbobo	1983	4	2.0	0.0	2.0	0.0	1.0	8
	nahna87	1988	4	2.0	0.0	2.0	0.0	1.0	9
	sandrablom	1988	4	6.0	0.0	6.0	0.0	1.0	9
	Poddan	1976	3	2.0	0.0	2.0	0.0	1.0	6
	Oktoberbebis	1981	3	2.0	0.0	2.0	0.0	1.0	7
	AndyP	1980	3	5.0	0.0	5.0	0.0	1.0	7
	Honey Boo	1984	4	7.0	0.0	7.0	0.0	1.0	8
	Josephina	1985	4	2.0	0.0	2.0	0.0	1.0	8
	wedding2009	1981	3	2.0	0.0	2.0	0.0	1.0	7
	fru smurf	1979	3	12.0	0.0	12.0	0.0	1.0	7
	konami	1989	4	1.0	1.0	0.0	1.0	0.0	9
	Solglimtar	1988	4	2.0	0.0	2.0	0.0	1.0	9
	Cillizan	1986	4	3.0	1.0	2.0	0.3333333333333333	0.6666666666666666	8
	Lenis21	1987	4	4.0	0.0	4.0	0.0	1.0	8
	daphne	1982	3	3.0	0.0	3.0	0.0	1.0	7
	Fru Lillstrumpa	1982	3	1.0	0.0	1.0	0.0	1.0	7
	ZJN	1989	4	2.0	0.0	2.0	0.0	1.0	9
	Dina	1984	4	1.0	0.0	1.0	0.0	1.0	8
	Tesla	1986	4	1.0	0.0	1.0	0.0	1.0	8
	babyboom86	1987	4	6.0	0.0	6.0	0.0	1.0	8
	Danneli	1986	4	4.0	0.0	4.0	0.0	1.0	8
	mama90j	1991	4	2.0	0.0	2.0	0.0	1.0	9
	Alexandra85	1986	4	1.0	0.0	1.0	0.0	1.0	8
	EmmaHenke	1980	3	2.0	0.0	2.0	0.0	1.0	7
	lire100	1974	3	15.0	0.0	15.0	0.0	1.0	6
	Mama Me	1977	3	4.0	0.0	4.0	0.0	1.0	6
	Annie82	1983	4	1.0	0.0	1.0	0.0	1.0	8
	Puppa	1975	3	1.0	0.0	1.0	0.0	1.0	6
	Funny	1952	1	1.0	0.0	1.0	0.0	1.0	1
	anne87	1988	4	3.0	0.0	3.0	0.0	1.0	9
	lliliot	1989	4	2.0	0.0	2.0	0.0	1.0	9
	Rockenrola	1984	4	2.0	0.0	2.0	0.0	1.0	8
	lillgarden	1984	4	3.0	0.0	3.0	0.0	1.0	8
	linedja	1982	3	1.0	0.0	1.0	0.0	1.0	7
	Hanna01	1988	4	4.0	0.0	4.0	0.0	1.0	9
	Kristina30p	1976	3	2.0	0.0	2.0	0.0	1.0	6
	VirrAnna	1985	4	10.0	0.0	10.0	0.0	1.0	8
	BrödernaBus	1980	3	26.0	0.0	26.0	0.0	1.0	7
	vattenkanna	1983	4	1.0	0.0	1.0	0.0	1.0	8
	icecreamlover	1980	3	1.0	0.0	1.0	0.0	1.0	7
	Flicka86	1986	4	1.0	0.0	1.0	0.0	1.0	8
	sofilosson	1986	4	1.0	0.0	1.0	0.0	1.0	8
	JMA84	1985	4	1.0	1.0	0.0	1.0	0.0	8
	burnisen	1984	4	1.0	1.0	0.0	1.0	0.0	8
	Majsan72	1973	3	2.0	0.0	2.0	0.0	1.0	6
	doriah	1980	3	1.0	0.0	1.0	0.0	1.0	7
	MHK	1983	4	1.0	0.0	1.0	0.0	1.0	8
	JLP	1981	3	4.0	0.0	4.0	0.0	1.0	7
	idefix	1979	3	1.0	0.0	1.0	0.0	1.0	7
	Trulle	1984	4	1.0	0.0	1.0	0.0	1.0	8
	ThereseK	1981	3	1.0	0.0	1.0	0.0	1.0	7
	Love8707	1988	4	1.0	0.0	1.0	0.0	1.0	9
	benedikten	1981	3	2.0	0.0	2.0	0.0	1.0	7
	Panthera leo	1976	3	1.0	0.0	1.0	0.0	1.0	6
	Lajkie	1987	4	4.0	0.0	4.0	0.0	1.0	8
	Kärnan	1979	3	3.0	0.0	3.0	0.0	1.0	7
	Ung Mamma 91	1992	4	1.0	0.0	1.0	0.0	1.0	9
	Ackelova	1983	4	2.0	0.0	2.0	0.0	1.0	8
	ingridlinnéa	1983	4	7.0	0.0	7.0	0.0	1.0	8
	Sparriz	1989	4	7.0	0.0	7.0	0.0	1.0	9
	ztarshine	1982	3	1.0	0.0	1.0	0.0	1.0	7
	Jennypenny83	1984	4	8.0	0.0	8.0	0.0	1.0	8
	Tussa76	1977	3	8.0	0.0	8.0	0.0	1.0	6
	Z05	1977	3	1.0	0.0	1.0	0.0	1.0	6
	Logopeden	1985	4	1.0	0.0	1.0	0.0	1.0	8
	luckyme	1979	3	1.0	0.0	1.0	0.0	1.0	7
	ProosAnna	1984	4	18.0	0.0	18.0	0.0	1.0	8
	Snos	1986	4	6.0	0.0	6.0	0.0	1.0	8
	majsan2	1981	3	4.0	0.0	4.0	0.0	1.0	7
	charlie och novas mamma	1986	4	3.0	0.0	3.0	0.0	1.0	8
	Älskarbebisar	1989	4	1.0	0.0	1.0	0.0	1.0	9
	Tjohooo82	1983	4	4.0	0.0	4.0	0.0	1.0	8
	Bine78	1979	3	1.0	0.0	1.0	0.0	1.0	7
	Karolina75	1975	3	1.0	0.0	1.0	0.0	1.0	6
	SaraLj	1982	3	4.0	0.0	4.0	0.0	1.0	7
	Mijjo	1971	2	2.0	1.0	1.0	0.5	0.5	5
	Snutten	1981	3	3.0	0.0	3.0	0.0	1.0	7
	MammaMia87	1987	4	2.0	0.0	2.0	0.0	1.0	8
	Talossa	1987	4	7.0	0.0	7.0	0.0	1.0	8
	MME	1969	2	1.0	0.0	1.0	0.0	1.0	5
	LadyMa	1986	4	4.0	0.0	4.0	0.0	1.0	8
	ALLIEVERDO	1987	4	1.0	0.0	1.0	0.0	1.0	8
	Azalea	1979	3	3.0	1.0	2.0	0.3333333333333333	0.6666666666666666	7
	Sarah82	1983	4	2.0	0.0	2.0	0.0	1.0	8
	tina03	1988	4	1.0	0.0	1.0	0.0	1.0	9
	Jen08	1975	3	3.0	0.0	3.0	0.0	1.0	6
	Knasan	1981	3	3.0	0.0	3.0	0.0	1.0	7
	Gladhannapanna	1972	2	48.0	0.0	48.0	0.0	1.0	5
	Smilla1976	1977	3	7.0	2.0	5.0	0.2857142857142857	0.7142857142857143	6
	GashH	1987	4	1.0	0.0	1.0	0.0	1.0	8
	Maje	1978	3	2.0	0.0	2.0	0.0	1.0	7
	Mem3	1982	3	2.0	0.0	2.0	0.0	1.0	7
	Sparvöga	1980	3	7.0	0.0	7.0	0.0	1.0	7
	Niccan88	1989	4	1.0	0.0	1.0	0.0	1.0	9
	Theia	1985	4	3.0	0.0	3.0	0.0	1.0	8
	Aktalia	1976	3	2.0	0.0	2.0	0.0	1.0	6
	Sofiech78	1979	3	4.0	0.0	4.0	0.0	1.0	7
	missworld	1990	4	2.0	0.0	2.0	0.0	1.0	9
	gwendelyn	1979	3	1.0	0.0	1.0	0.0	1.0	7
	Myra	1973	3	22.0	0.0	22.0	0.0	1.0	6
	Fiamedbarn	1971	2	4.0	0.0	4.0	0.0	1.0	5
	Vintersol80	1981	3	20.0	0.0	20.0	0.0	1.0	7
	HelenFr	1982	3	3.0	0.0	3.0	0.0	1.0	7
	Minika	1988	4	3.0	0.0	3.0	0.0	1.0	9
	Aquarius	1984	4	2.0	0.0	2.0	0.0	1.0	8
	Mamma Tes	1982	3	4.0	0.0	4.0	0.0	1.0	7
	Ängaboll	1978	3	1.0	0.0	1.0	0.0	1.0	7
	BabyNo2	1989	4	5.0	0.0	5.0	0.0	1.0	9
	Vanja	1986	4	1.0	0.0	1.0	0.0	1.0	8
	Imagine this	1985	4	9.0	0.0	9.0	0.0	1.0	8
	Milleman	1989	4	5.0	0.0	5.0	0.0	1.0	9
	habibty81	1981	3	1.0	0.0	1.0	0.0	1.0	7
	blehnda	1988	4	5.0	0.0	5.0	0.0	1.0	9
	challis777	1978	3	3.0	0.0	3.0	0.0	1.0	7
	maj09	1976	3	2.0	0.0	2.0	0.0	1.0	6
	lokis	1982	3	2.0	0.0	2.0	0.0	1.0	7
	Längtan01	1979	3	2.0	0.0	2.0	0.0	1.0	7
	tängla	1979	3	1.0	0.0	1.0	0.0	1.0	7
	modesty74	1975	3	2.0	1.0	1.0	0.5	0.5	6
	Bissen	1974	3	1.0	0.0	1.0	0.0	1.0	6
	kitte	1978	3	1.0	0.0	1.0	0.0	1.0	7
	sophiemedPH	1988	4	1.0	0.0	1.0	0.0	1.0	9
	MamaJuice	1987	4	2.0	0.0	2.0	0.0	1.0	8
	MickisFlisanNellie	1984	4	3.0	0.0	3.0	0.0	1.0	8
	Kakan85	1986	4	1.0	0.0	1.0	0.0	1.0	8
	SanBog	1984	4	1.0	0.0	1.0	0.0	1.0	8
	Andréa84	1985	4	1.0	0.0	1.0	0.0	1.0	8
	sommar 77	1978	3	2.0	0.0	2.0	0.0	1.0	7
	Stumpan84	1985	4	4.0	0.0	4.0	0.0	1.0	8
	FridaBo	1989	4	1.0	0.0	1.0	0.0	1.0	9
	Second adventure	1985	4	1.0	0.0	1.0	0.0	1.0	8
	marialintott	1979	3	2.0	0.0	2.0	0.0	1.0	7
	Jellan	1986	4	1.0	0.0	1.0	0.0	1.0	8
	Rosdraken	1986	4	5.0	0.0	5.0	0.0	1.0	8
	Jordgubbssmak	1968	2	7.0	0.0	7.0	0.0	1.0	5
	TessJH	1984	4	4.0	0.0	4.0	0.0	1.0	8
	mkp	1989	4	2.0	0.0	2.0	0.0	1.0	9
	NinaTherese	1981	3	1.0	0.0	1.0	0.0	1.0	7
	hejo79	1971	2	2.0	0.0	2.0	0.0	1.0	5
	JosJos	1979	3	3.0	0.0	3.0	0.0	1.0	7
	smulan1981	1982	3	1.0	0.0	1.0	0.0	1.0	7
	NikZan	1983	4	2.0	0.0	2.0	0.0	1.0	8
	Jessie 89	1990	4	1.0	1.0	0.0	1.0	0.0	9
	flower79	1980	3	1.0	0.0	1.0	0.0	1.0	7
	Österbotten	1979	3	1.0	0.0	1.0	0.0	1.0	7
	Lycklig Jessica	1981	3	1.0	0.0	1.0	0.0	1.0	7
	snigelkatt	1976	3	5.0	0.0	5.0	0.0	1.0	6
	Milon	1979	3	1.0	0.0	1.0	0.0	1.0	7
	Paige80	1981	3	1.0	0.0	1.0	0.0	1.0	7
	jankie	1986	4	5.0	0.0	5.0	0.0	1.0	8
	Stefanie	1988	4	12.0	2.0	10.0	0.16666666666666666	0.8333333333333334	9
	Love Forever	1986	4	3.0	0.0	3.0	0.0	1.0	8
	anja1661	1983	4	7.0	0.0	7.0	0.0	1.0	8
	sjl89	1990	4	2.0	0.0	2.0	0.0	1.0	9
	Autumnbeauty	1976	3	1.0	0.0	1.0	0.0	1.0	6
	SA26	1984	4	1.0	0.0	1.0	0.0	1.0	8
	proppen100	1980	3	4.0	0.0	4.0	0.0	1.0	7
	DollyD	1977	3	5.0	0.0	5.0	0.0	1.0	6
	Pjoddas	1983	4	1.0	0.0	1.0	0.0	1.0	8
	Myrtuva	1984	4	1.0	0.0	1.0	0.0	1.0	8
	budde1	1974	3	3.0	0.0	3.0	0.0	1.0	6
	MariaMalmö	1979	3	5.0	0.0	5.0	0.0	1.0	7
	DiZZY	1975	3	1.0	0.0	1.0	0.0	1.0	6
	Lovisa75	1976	3	1.0	0.0	1.0	0.0	1.0	6
	Pilla84	1985	4	1.0	0.0	1.0	0.0	1.0	8
	vernia	1986	4	3.0	0.0	3.0	0.0	1.0	8
	737 dagar	1986	4	1.0	0.0	1.0	0.0	1.0	8
	Miss Julie	1989	4	4.0	0.0	4.0	0.0	1.0	9
	NiklaasKaroliine	1990	4	1.0	0.0	1.0	0.0	1.0	9
	gosis	1983	4	1.0	0.0	1.0	0.0	1.0	8
	Ema86	1987	4	1.0	0.0	1.0	0.0	1.0	8
	Kevlarsjäl87	1988	4	1.0	0.0	1.0	0.0	1.0	9
	tusshh	1988	4	2.0	0.0	2.0	0.0	1.0	9
	dreamy	1981	3	5.0	0.0	5.0	0.0	1.0	7
	Anna83	1984	4	4.0	0.0	4.0	0.0	1.0	8
	lillblobb	1979	3	1.0	0.0	1.0	0.0	1.0	7
	Desiree1988	1989	4	1.0	0.0	1.0	0.0	1.0	9
	Fröken Juni	1974	3	3.0	0.0	3.0	0.0	1.0	6
	Sandrolin	1986	4	2.0	0.0	2.0	0.0	1.0	8
	icelolly	1981	3	1.0	0.0	1.0	0.0	1.0	7
	Zesssan	1986	4	1.0	0.0	1.0	0.0	1.0	8
	Tussebus	1977	3	2.0	0.0	2.0	0.0	1.0	6
	eviz08	1983	4	1.0	0.0	1.0	0.0	1.0	8
	Sofia8504	1986	4	2.0	0.0	2.0	0.0	1.0	8
	Dramatic Chipmunk	1987	4	1.0	0.0	1.0	0.0	1.0	8
	Dr Myo	1974	3	2.0	0.0	2.0	0.0	1.0	6
	Leesa	1985	4	4.0	0.0	4.0	0.0	1.0	8
	snorkan	1980	3	1.0	0.0	1.0	0.0	1.0	7
	spån Mona	1973	3	1.0	0.0	1.0	0.0	1.0	6
	Nenniz	1985	4	1.0	0.0	1.0	0.0	1.0	8
	Belle Amie	1976	3	2.0	0.0	2.0	0.0	1.0	6
	NadiaMi	1975	3	223.0	0.0	223.0	0.0	1.0	6
	LoverBambi	1985	4	1.0	0.0	1.0	0.0	1.0	8
	CissiS	1983	4	1.0	0.0	1.0	0.0	1.0	8
	basil	1977	3	1.0	0.0	1.0	0.0	1.0	6
	Lilla Jag	1984	4	2.0	0.0	2.0	0.0	1.0	8
	Fembarnsmorsan	1972	2	2.0	0.0	2.0	0.0	1.0	5
	Foxy79	1980	3	1.0	0.0	1.0	0.0	1.0	7
	Zoolie	1971	2	2.0	0.0	2.0	0.0	1.0	5
	Catha	1982	3	1.0	0.0	1.0	0.0	1.0	7
	anzita	1960	1	19.0	0.0	19.0	0.0	1.0	3
	nami	1981	3	1.0	0.0	1.0	0.0	1.0	7
	annvian	1980	3	2.0	0.0	2.0	0.0	1.0	7
	kath	1977	3	1.0	0.0	1.0	0.0	1.0	6
	Myzan	1976	3	2.0	0.0	2.0	0.0	1.0	6
	Ollibolli	1983	4	1.0	0.0	1.0	0.0	1.0	8
	MajaMaria79	1980	3	5.0	0.0	5.0	0.0	1.0	7
	Insatt	1982	3	2.0	0.0	2.0	0.0	1.0	7
	Jojjanna	1975	3	1.0	0.0	1.0	0.0	1.0	6
	bebis090614	1988	4	1.0	0.0	1.0	0.0	1.0	9
	spaceylisie	1984	4	6.0	0.0	6.0	0.0	1.0	8
	new age	1980	3	1.0	0.0	1.0	0.0	1.0	7
	Elijza	1971	2	11.0	0.0	11.0	0.0	1.0	5
	tillit71	1972	2	4.0	0.0	4.0	0.0	1.0	5
	MollyBuz	1984	4	1.0	0.0	1.0	0.0	1.0	8
	Farmer boy	1957	1	1.0	0.0	1.0	0.0	1.0	2
	MissC24	1982	3	1.0	0.0	1.0	0.0	1.0	7
	Helena och Axel	1983	4	2.0	0.0	2.0	0.0	1.0	8
	dorothea	1976	3	5.0	0.0	5.0	0.0	1.0	6
	annasara	1980	3	2.0	0.0	2.0	0.0	1.0	7
	FredrikBBB	1969	2	1.0	0.0	1.0	0.0	1.0	5
	Amelica	1984	4	1.0	0.0	1.0	0.0	1.0	8
	Smurfen70	1981	3	3.0	0.0	3.0	0.0	1.0	7
	Killarnas morsa	1972	2	6.0	0.0	6.0	0.0	1.0	5
	Maskot	1971	2	4.0	0.0	4.0	0.0	1.0	5
	Mara	1974	3	1.0	0.0	1.0	0.0	1.0	6
	sunshine03	1980	3	2.0	0.0	2.0	0.0	1.0	7
	mika85	1986	4	1.0	0.0	1.0	0.0	1.0	8
	Maja Gräddnos	1979	3	3.0	0.0	3.0	0.0	1.0	7
	LokesMamma84	1985	4	1.0	0.0	1.0	0.0	1.0	8
	sandiberu	1983	4	1.0	0.0	1.0	0.0	1.0	8
	luutra	1986	4	1.0	0.0	1.0	0.0	1.0	8
	miniliten	1987	4	1.0	1.0	0.0	1.0	0.0	8
	Love74	1975	3	2.0	0.0	2.0	0.0	1.0	6
	ElinC	1989	4	1.0	0.0	1.0	0.0	1.0	9
	muffin	1985	4	2.0	0.0	2.0	0.0	1.0	8
	challan82	1983	4	1.0	0.0	1.0	0.0	1.0	8
	Heavy	1980	3	8.0	0.0	8.0	0.0	1.0	7
	Mrs TH	1980	3	3.0	0.0	3.0	0.0	1.0	7
	Tainted	1988	4	1.0	0.0	1.0	0.0	1.0	9
	Ylwa	1981	3	1.0	0.0	1.0	0.0	1.0	7
	augustibruden	1972	2	8.0	0.0	8.0	0.0	1.0	5
	Ida90	1991	4	1.0	0.0	1.0	0.0	1.0	9
	mariakall	1979	3	1.0	0.0	1.0	0.0	1.0	7
	Lunas	1982	3	2.0	0.0	2.0	0.0	1.0	7
	Leeluu	1979	3	1.0	0.0	1.0	0.0	1.0	7
	Gustie	1973	3	7.0	0.0	7.0	0.0	1.0	6
	Novalie	1977	3	2.0	0.0	2.0	0.0	1.0	6
	fläck	1984	4	1.0	0.0	1.0	0.0	1.0	8
	Lilla H	1979	3	1.0	0.0	1.0	0.0	1.0	7
	Skrollansmamma	1983	4	1.0	0.0	1.0	0.0	1.0	8
	Git	1978	3	5.0	0.0	5.0	0.0	1.0	7
	Cakemaker	1988	4	2.0	0.0	2.0	0.0	1.0	9
	Afrodisiac	1979	3	1.0	0.0	1.0	0.0	1.0	7
	finskaflikkan	1984	4	2.0	0.0	2.0	0.0	1.0	8
	Lillajagmedstorahjärtat	1984	4	1.0	0.0	1.0	0.0	1.0	8
	Pusselbiten86	1987	4	5.0	0.0	5.0	0.0	1.0	8
	smis	1990	4	1.0	0.0	1.0	0.0	1.0	9
	Anarkamamman	1988	4	1.0	0.0	1.0	0.0	1.0	9
	mimi66	1967	2	1.0	0.0	1.0	0.0	1.0	4
	LillaLilli	1989	4	1.0	0.0	1.0	0.0	1.0	9
	CA81	1982	3	1.0	0.0	1.0	0.0	1.0	7
	solskina	1971	2	1.0	1.0	0.0	1.0	0.0	5
	princess of hearts	1988	4	1.0	0.0	1.0	0.0	1.0	9
	sockerbomben	1973	3	1.0	0.0	1.0	0.0	1.0	6
	Soffipropp01	1989	4	1.0	1.0	0.0	1.0	0.0	9
	lillälva	1978	3	6.0	0.0	6.0	0.0	1.0	7
	zerano	1986	4	4.0	0.0	4.0	0.0	1.0	8
	Marre80	1981	3	1.0	1.0	0.0	1.0	0.0	7
	annsofia	1989	4	4.0	0.0	4.0	0.0	1.0	9
	tess1987	1988	4	1.0	0.0	1.0	0.0	1.0	9
	Eilem	1989	4	3.0	0.0	3.0	0.0	1.0	9
	InHeaven	1988	4	11.0	0.0	11.0	0.0	1.0	9
	Skahlmann	1966	2	4.0	0.0	4.0	0.0	1.0	4
	Serafine	1981	3	2.0	0.0	2.0	0.0	1.0	7
	sorgsen	1991	4	1.0	1.0	0.0	1.0	0.0	9
	Ina81	1982	3	1.0	0.0	1.0	0.0	1.0	7
	Fresa78	1979	3	5.0	0.0	5.0	0.0	1.0	7
	Tarzanina	1981	3	3.0	0.0	3.0	0.0	1.0	7
	Fjärilen72	1988	4	1.0	0.0	1.0	0.0	1.0	9
	längtan8402	1985	4	1.0	0.0	1.0	0.0	1.0	8
	Katten79	1980	3	1.0	0.0	1.0	0.0	1.0	7
	rosen76	1977	3	1.0	0.0	1.0	0.0	1.0	6
	krabbis	1967	2	1.0	0.0	1.0	0.0	1.0	4
	Starline	1982	3	1.0	0.0	1.0	0.0	1.0	7
	GodBiten	1986	4	1.0	0.0	1.0	0.0	1.0	8
	Godot	1975	3	1.0	0.0	1.0	0.0	1.0	6
	Jordgubbarmeglass	1987	4	1.0	0.0	1.0	0.0	1.0	8
	Tuss 1	1974	3	1.0	0.0	1.0	0.0	1.0	6
	lovemissen	1983	4	1.0	0.0	1.0	0.0	1.0	8
	turboalex	1987	4	1.0	0.0	1.0	0.0	1.0	8
	Sockerbit 1	1971	2	1.0	0.0	1.0	0.0	1.0	5
	Sol88	1989	4	2.0	0.0	2.0	0.0	1.0	9
	Annie1982	1983	4	6.0	0.0	6.0	0.0	1.0	8
	ThillaMilla	1985	4	1.0	0.0	1.0	0.0	1.0	8
	Bella73	1974	3	1.0	0.0	1.0	0.0	1.0	6
	Empan81	1982	3	1.0	0.0	1.0	0.0	1.0	7
	SmUrFtUsS	1983	4	1.0	0.0	1.0	0.0	1.0	8
	Amanda85	1986	4	1.0	0.0	1.0	0.0	1.0	8
	Krokodila	1980	3	2.0	0.0	2.0	0.0	1.0	7
	Tess26	1981	3	1.0	0.0	1.0	0.0	1.0	7
	CtJ08	1985	4	1.0	0.0	1.0	0.0	1.0	8
	Sessan100	1981	3	2.0	0.0	2.0	0.0	1.0	7
	Caroliine	1990	4	1.0	0.0	1.0	0.0	1.0	9
	stortå	1975	3	1.0	0.0	1.0	0.0	1.0	6
	maria8109	1982	3	3.0	0.0	3.0	0.0	1.0	7
	Ida Maria	1981	3	2.0	0.0	2.0	0.0	1.0	7
	sax1	1974	3	2.0	0.0	2.0	0.0	1.0	6
	Brodsmulan	1978	3	9.0	0.0	9.0	0.0	1.0	7
	1985	1986	4	1.0	0.0	1.0	0.0	1.0	8
	Korkskruv	1989	4	15.0	0.0	15.0	0.0	1.0	9
	Kyssen	1984	4	20.0	0.0	20.0	0.0	1.0	8
	Trollvinter	1984	4	4.0	0.0	4.0	0.0	1.0	8
	zoi	1977	3	5.0	0.0	5.0	0.0	1.0	6
	NEAN	1989	4	7.0	0.0	7.0	0.0	1.0	9
	lottizm	1985	4	17.0	0.0	17.0	0.0	1.0	8
	urv73	1974	3	2.0	0.0	2.0	0.0	1.0	6
	Pepsikatten	1982	3	8.0	0.0	8.0	0.0	1.0	7
	trollprinsessan	1978	3	1.0	0.0	1.0	0.0	1.0	7
	linhall	1983	4	5.0	0.0	5.0	0.0	1.0	8
	Amandia	1982	3	1.0	0.0	1.0	0.0	1.0	7
	vera79	1980	3	5.0	0.0	5.0	0.0	1.0	7
	neela	1984	4	4.0	0.0	4.0	0.0	1.0	8
	Siljelin	1979	3	5.0	0.0	5.0	0.0	1.0	7
	Minja	1976	3	3.0	2.0	1.0	0.6666666666666666	0.3333333333333333	6
	Flurran	1983	4	2.0	0.0	2.0	0.0	1.0	8
	solrosen81	1982	3	14.0	0.0	14.0	0.0	1.0	7
	augustikatten	1979	3	4.0	0.0	4.0	0.0	1.0	7
	Cacan	1982	3	2.0	0.0	2.0	0.0	1.0	7
	Änglaflickan	1983	4	5.0	0.0	5.0	0.0	1.0	8
	Mondino	1968	2	8.0	0.0	8.0	0.0	1.0	5
	Mumsi	1980	3	3.0	0.0	3.0	0.0	1.0	7
	PurJo	1983	4	10.0	0.0	10.0	0.0	1.0	8
	Once	1982	3	5.0	0.0	5.0	0.0	1.0	7
	fröken	1977	3	3.0	0.0	3.0	0.0	1.0	6
	annalena81	1982	3	1.0	0.0	1.0	0.0	1.0	7
	fiafiafia	1988	4	1.0	0.0	1.0	0.0	1.0	9
	s89	1990	4	17.0	0.0	17.0	0.0	1.0	9
	april87an	1988	4	1.0	0.0	1.0	0.0	1.0	9
	skruttis11	1982	3	9.0	0.0	9.0	0.0	1.0	7
	Caab	1981	3	2.0	0.0	2.0	0.0	1.0	7
	Pjatt	1983	4	4.0	0.0	4.0	0.0	1.0	8
	Bal	1984	4	6.0	0.0	6.0	0.0	1.0	8
	Fru Brastad	1977	3	2.0	0.0	2.0	0.0	1.0	6
	Susstuss	1984	4	2.0	0.0	2.0	0.0	1.0	8
	majken81	1981	3	1.0	0.0	1.0	0.0	1.0	7
	helena1981	1982	3	3.0	0.0	3.0	0.0	1.0	7
	anneliesofia	1980	3	5.0	0.0	5.0	0.0	1.0	7
	Micci	1986	4	4.0	0.0	4.0	0.0	1.0	8
	Linaslus	1985	4	4.0	0.0	4.0	0.0	1.0	8
	meanwhile	1986	4	2.0	0.0	2.0	0.0	1.0	8
	Litenmyra	1978	3	1.0	0.0	1.0	0.0	1.0	7
	Sockerkakan	1978	3	6.0	0.0	6.0	0.0	1.0	7
	Pix	1966	2	2.0	0.0	2.0	0.0	1.0	4
	Bebismamma	1981	3	1.0	0.0	1.0	0.0	1.0	7
	svischan	1983	4	13.0	1.0	12.0	0.07692307692307693	0.9230769230769231	8
	Rallarros	1984	4	2.0	0.0	2.0	0.0	1.0	8
	mian71	1972	2	1.0	0.0	1.0	0.0	1.0	5
	Bellevue	1968	2	2.0	0.0	2.0	0.0	1.0	5
	Snakeheart	1981	3	1.0	0.0	1.0	0.0	1.0	7
	philmKarin	1981	3	1.0	0.0	1.0	0.0	1.0	7
	Alfaqueen	1977	3	3.0	0.0	3.0	0.0	1.0	6
	Kaja	1985	4	2.0	1.0	1.0	0.5	0.5	8
	Fyrklovern	1982	3	1.0	0.0	1.0	0.0	1.0	7
	Ninizen	1975	3	1.0	0.0	1.0	0.0	1.0	6
	Bebbo	1982	3	1.0	0.0	1.0	0.0	1.0	7
	star67	1968	2	1.0	0.0	1.0	0.0	1.0	5
	Fröken Vit i Madickenhuset	1972	2	1.0	0.0	1.0	0.0	1.0	5
	asfaltsblomman	1973	3	1.0	0.0	1.0	0.0	1.0	6
	Tjillevippen	1981	3	4.0	0.0	4.0	0.0	1.0	7
	Fridie	1986	4	1.0	0.0	1.0	0.0	1.0	8
	Chiliräkan	1987	4	8.0	0.0	8.0	0.0	1.0	8
	tilj75	1976	3	1.0	0.0	1.0	0.0	1.0	6
	Piri	1967	2	9.0	0.0	9.0	0.0	1.0	4
	Fantastic 4	1978	3	8.0	0.0	8.0	0.0	1.0	7
	Fangoria	1982	3	5.0	0.0	5.0	0.0	1.0	7
	josse83	1984	4	9.0	0.0	9.0	0.0	1.0	8
	Mirkamu	1973	3	1.0	0.0	1.0	0.0	1.0	6
	Dudden	1969	2	1.0	0.0	1.0	0.0	1.0	5
	passau	1977	3	7.0	0.0	7.0	0.0	1.0	6
	OoSOLINoO	1984	4	3.0	0.0	3.0	0.0	1.0	8
	Nickis	1974	3	10.0	0.0	10.0	0.0	1.0	6
	Smetanina	1977	3	4.0	0.0	4.0	0.0	1.0	6
	fenja	1973	3	1.0	0.0	1.0	0.0	1.0	6
	5barnsmamman	1979	3	3.0	0.0	3.0	0.0	1.0	7
	Mirren	1978	3	9.0	0.0	9.0	0.0	1.0	7
	Mania x2	1978	3	11.0	0.0	11.0	0.0	1.0	7
	Astrid80	1981	3	2.0	0.0	2.0	0.0	1.0	7
	aigee	1978	3	6.0	0.0	6.0	0.0	1.0	7
	pågmamman	1972	2	2.0	0.0	2.0	0.0	1.0	5
	Svampp	1982	3	6.0	0.0	6.0	0.0	1.0	7
	Tigra79	1980	3	8.0	0.0	8.0	0.0	1.0	7
	AsfaltsBlomma	1980	3	2.0	0.0	2.0	0.0	1.0	7
	Fru Persson	1988	4	2.0	0.0	2.0	0.0	1.0	9
	Lynn84	1985	4	3.0	0.0	3.0	0.0	1.0	8
	Linha	1972	2	11.0	0.0	11.0	0.0	1.0	5
	näbben	1978	3	1.0	0.0	1.0	0.0	1.0	7
	CarpeDiem	1980	3	1.0	0.0	1.0	0.0	1.0	7
	tinituss	1984	4	2.0	1.0	1.0	0.5	0.5	8
	Ronjah	1987	4	1.0	0.0	1.0	0.0	1.0	8
	Chipotle	1980	3	1.0	0.0	1.0	0.0	1.0	7
	faringe	1984	4	1.0	0.0	1.0	0.0	1.0	8
	chippan	1980	3	5.0	0.0	5.0	0.0	1.0	7
	abinito	1978	3	4.0	0.0	4.0	0.0	1.0	7
	Älskade Neo	1982	3	2.0	0.0	2.0	0.0	1.0	7
	Marre	1980	3	1.0	0.0	1.0	0.0	1.0	7
	sabinaa	1984	4	2.0	0.0	2.0	0.0	1.0	8
	Trollungen08	1985	4	4.0	0.0	4.0	0.0	1.0	8
	blyg viol	1972	2	2.0	0.0	2.0	0.0	1.0	5
	Love76	1977	3	6.0	0.0	6.0	0.0	1.0	6
	Bubbles	1976	3	1.0	0.0	1.0	0.0	1.0	6
	40 plus	1978	3	1.0	0.0	1.0	0.0	1.0	7
	Änglasöt	1983	4	1.0	0.0	1.0	0.0	1.0	8
	TuvaLi	1978	3	3.0	0.0	3.0	0.0	1.0	7
	VeraVera	1987	4	1.0	0.0	1.0	0.0	1.0	8
	ViSkaBliTre	1978	3	27.0	0.0	27.0	0.0	1.0	7
	Zizzla	1968	2	1.0	0.0	1.0	0.0	1.0	5
	Lodjuret	1983	4	2.0	0.0	2.0	0.0	1.0	8
	ingra	1975	3	1.0	0.0	1.0	0.0	1.0	6
	JennySpindel	1979	3	1.0	0.0	1.0	0.0	1.0	7
	lingonben	1952	1	1.0	0.0	1.0	0.0	1.0	1
	Mammelutten	1972	2	7.0	0.0	7.0	0.0	1.0	5
	bubbeltess	1978	3	1.0	0.0	1.0	0.0	1.0	7
	angiee	1975	3	1.0	0.0	1.0	0.0	1.0	6
	asa1018	1980	3	6.0	0.0	6.0	0.0	1.0	7
	snattran	1967	2	1.0	0.0	1.0	0.0	1.0	4
	Pinglan73	1974	3	4.0	0.0	4.0	0.0	1.0	6
	KamJo	1985	4	1.0	0.0	1.0	0.0	1.0	8
	zanwer	1986	4	4.0	0.0	4.0	0.0	1.0	8
	Tobidoo	1978	3	6.0	0.0	6.0	0.0	1.0	7
	sandy sandy	1985	4	3.0	0.0	3.0	0.0	1.0	8
	nr1	1979	3	5.0	0.0	5.0	0.0	1.0	7
	Coccinelle	1954	1	1.0	0.0	1.0	0.0	1.0	2
	RaketMorsan	1987	4	3.0	0.0	3.0	0.0	1.0	8
	Mamma till Lilla A	1983	4	1.0	0.0	1.0	0.0	1.0	8
	FruEdberg	1978	3	1.0	0.0	1.0	0.0	1.0	7
	mumma84	1985	4	1.0	0.0	1.0	0.0	1.0	8
	Lucyinthesky	1982	3	1.0	0.0	1.0	0.0	1.0	7
	Helena85	1986	4	11.0	0.0	11.0	0.0	1.0	8
	Zorn	1971	2	5.0	0.0	5.0	0.0	1.0	5
	Carin82	1983	4	3.0	0.0	3.0	0.0	1.0	8
	Anna i Hult	1971	2	3.0	0.0	3.0	0.0	1.0	5
	Rainbow	1976	3	3.0	0.0	3.0	0.0	1.0	6
	cirkel	1975	3	13.0	0.0	13.0	0.0	1.0	6
	sommar78	1979	3	1.0	0.0	1.0	0.0	1.0	7
	Solrosen82	1983	4	8.0	0.0	8.0	0.0	1.0	8
	livisen	1986	4	2.0	0.0	2.0	0.0	1.0	8
	Yrrepyrr	1967	2	3.0	0.0	3.0	0.0	1.0	4
	Vickyb	1985	4	4.0	0.0	4.0	0.0	1.0	8
	Mrs Flink	1981	3	4.0	0.0	4.0	0.0	1.0	7
	Diana P	1982	3	1.0	0.0	1.0	0.0	1.0	7
	bakabakalitenkaka	1979	3	3.0	0.0	3.0	0.0	1.0	7
	Hia	1980	3	2.0	0.0	2.0	0.0	1.0	7
	Idizen	1984	4	1.0	0.0	1.0	0.0	1.0	8
	Wilmisen	1986	4	7.0	0.0	7.0	0.0	1.0	8
	camave	1979	3	2.0	0.0	2.0	0.0	1.0	7
	leyley	1982	3	1.0	0.0	1.0	0.0	1.0	7
	Malinx	1973	3	1.0	0.0	1.0	0.0	1.0	6
	CarVen	1979	3	2.0	0.0	2.0	0.0	1.0	7
	sydney	1978	3	19.0	0.0	19.0	0.0	1.0	7
	lillAa	1986	4	3.0	0.0	3.0	0.0	1.0	8
	Nygge	1978	3	5.0	0.0	5.0	0.0	1.0	7
	Indra78	1979	3	7.0	0.0	7.0	0.0	1.0	7
	Tuttie	1981	3	6.0	0.0	6.0	0.0	1.0	7
	anna gottegris	1980	3	1.0	0.0	1.0	0.0	1.0	7
	zasu	1974	3	4.0	0.0	4.0	0.0	1.0	6
	LinSam	1985	4	1.0	0.0	1.0	0.0	1.0	8
	Alvinbus	1980	3	2.0	0.0	2.0	0.0	1.0	7
	lillasysteryster	1981	3	6.0	0.0	6.0	0.0	1.0	7
	nyinflyttad	1978	3	3.0	0.0	3.0	0.0	1.0	7
	Sofiej	1987	4	3.0	0.0	3.0	0.0	1.0	8
	Hannizz	1985	4	1.0	0.0	1.0	0.0	1.0	8
	meesa	1983	4	6.0	0.0	6.0	0.0	1.0	8
	foodji	1977	3	1.0	0.0	1.0	0.0	1.0	6
	Lilla Lila	1977	3	1.0	0.0	1.0	0.0	1.0	6
	okt76	1977	3	1.0	0.0	1.0	0.0	1.0	6
	zetika	1985	4	4.0	1.0	3.0	0.25	0.75	8
	Pejo	1967	2	1.0	0.0	1.0	0.0	1.0	4
	UWO BaraJag	1973	3	1.0	0.0	1.0	0.0	1.0	6
	Eet	1978	3	2.0	0.0	2.0	0.0	1.0	7
	mymamasaid	1975	3	2.0	0.0	2.0	0.0	1.0	6
	sofiedellholm	1982	3	3.0	0.0	3.0	0.0	1.0	7
	Cynric	1986	4	7.0	0.0	7.0	0.0	1.0	8
	Tilda och Thomas	1977	3	4.0	0.0	4.0	0.0	1.0	6
	Alfalfafrö	1987	4	7.0	0.0	7.0	0.0	1.0	8
	murresnurre	1973	3	1.0	0.0	1.0	0.0	1.0	6
	Jois	1974	3	1.0	0.0	1.0	0.0	1.0	6
	ZezzA80	1981	3	3.0	0.0	3.0	0.0	1.0	7
	Snöbarn	1985	4	1.0	0.0	1.0	0.0	1.0	8
	seadwarf	1982	3	3.0	0.0	3.0	0.0	1.0	7
	MG1981	1982	3	4.0	0.0	4.0	0.0	1.0	7
	Räkmamman	1975	3	1.0	0.0	1.0	0.0	1.0	6
	calnaneas	1980	3	1.0	0.0	1.0	0.0	1.0	7
	annry	1980	3	3.0	1.0	2.0	0.3333333333333333	0.6666666666666666	7
	litenlind	1980	3	3.0	0.0	3.0	0.0	1.0	7
	Ängsblomma	1985	4	1.0	0.0	1.0	0.0	1.0	8
	jamka	1978	3	1.0	1.0	0.0	1.0	0.0	7
	hoppfull 80	1981	3	1.0	0.0	1.0	0.0	1.0	7
	MariaJuj	1983	4	10.0	0.0	10.0	0.0	1.0	8
	h77	1978	3	2.0	0.0	2.0	0.0	1.0	7
	sunbeam	1957	1	2.0	2.0	0.0	1.0	0.0	2
	Poughkeepsie	1975	3	2.0	0.0	2.0	0.0	1.0	6
	Neija	1987	4	1.0	0.0	1.0	0.0	1.0	8
	SA25	1984	4	6.0	0.0	6.0	0.0	1.0	8
	November2007	1984	4	1.0	0.0	1.0	0.0	1.0	8
	sk76	1977	3	2.0	0.0	2.0	0.0	1.0	6
	The Viksan	1982	3	4.0	0.0	4.0	0.0	1.0	7
	Ävlan	1980	3	2.0	0.0	2.0	0.0	1.0	7
	Lucie	1978	3	2.0	0.0	2.0	0.0	1.0	7
	MrsCL	1981	3	1.0	0.0	1.0	0.0	1.0	7
	September2009	1982	3	4.0	0.0	4.0	0.0	1.0	7
	rattle and hum	1979	3	2.0	0.0	2.0	0.0	1.0	7
	Scilia	1980	3	1.0	0.0	1.0	0.0	1.0	7
	pco	1987	4	2.0	0.0	2.0	0.0	1.0	8
	lillkrabaten	1986	4	1.0	0.0	1.0	0.0	1.0	8
	pippipopp	1979	3	1.0	0.0	1.0	0.0	1.0	7
	ladybug	1987	4	3.0	0.0	3.0	0.0	1.0	8
	eyalee	1987	4	7.0	0.0	7.0	0.0	1.0	8
	JosefinsMamma	1975	3	1.0	0.0	1.0	0.0	1.0	6
	emmah83	1984	4	1.0	0.0	1.0	0.0	1.0	8
	Catja3	1982	3	2.0	0.0	2.0	0.0	1.0	7
	Melon	1985	4	1.0	0.0	1.0	0.0	1.0	8
	annawall	1976	3	1.0	0.0	1.0	0.0	1.0	6
	GöteborgsTösen	1984	4	5.0	0.0	5.0	0.0	1.0	8
	LillaBus	1976	3	1.0	0.0	1.0	0.0	1.0	6
	Linusen	1985	4	2.0	0.0	2.0	0.0	1.0	8
	Bowmore	1971	2	4.0	0.0	4.0	0.0	1.0	5
	majasmamma	1988	4	2.0	0.0	2.0	0.0	1.0	9
	Tjingelingan	1983	4	1.0	0.0	1.0	0.0	1.0	8
	Nokkan	1977	3	1.0	0.0	1.0	0.0	1.0	6
	jolo	1986	4	4.0	0.0	4.0	0.0	1.0	8
	timoteja00	1983	4	1.0	0.0	1.0	0.0	1.0	8
	Cat lover	1971	2	1.0	0.0	1.0	0.0	1.0	5
	Sandra Forslund	1984	4	2.0	0.0	2.0	0.0	1.0	8
	Rimfolina	1980	3	7.0	0.0	7.0	0.0	1.0	7
	Perlan08	1977	3	3.0	0.0	3.0	0.0	1.0	6
	Kristin85	1986	4	2.0	0.0	2.0	0.0	1.0	8
	81missan	1982	3	4.0	0.0	4.0	0.0	1.0	7
	Baypower	1977	3	8.0	0.0	8.0	0.0	1.0	6
	MiaMarias	1980	3	4.0	0.0	4.0	0.0	1.0	7
	Cerulean	1980	3	2.0	0.0	2.0	0.0	1.0	7
	Jimps	1981	3	2.0	0.0	2.0	0.0	1.0	7
	bumse2	1974	3	2.0	1.0	1.0	0.5	0.5	6
	Fjällräven	1984	4	3.0	0.0	3.0	0.0	1.0	8
	Älskade vovvsing	1977	3	2.0	0.0	2.0	0.0	1.0	6
	Fröken Fräken	1979	3	2.0	0.0	2.0	0.0	1.0	7
	mami79	1980	3	2.0	0.0	2.0	0.0	1.0	7
	Erica 73	1974	3	4.0	0.0	4.0	0.0	1.0	6
	Nonnie	1985	4	4.0	0.0	4.0	0.0	1.0	8
	Miniluvan	1976	3	7.0	0.0	7.0	0.0	1.0	6
	FamÅsling	1988	4	2.0	0.0	2.0	0.0	1.0	9
	soffan86	1987	4	1.0	0.0	1.0	0.0	1.0	8
	korvmedbröd	1988	4	4.0	2.0	2.0	0.5	0.5	9
	MissHellen	1984	4	17.0	0.0	17.0	0.0	1.0	8
	chazbo	1979	3	4.0	0.0	4.0	0.0	1.0	7
	crocco	1983	4	2.0	0.0	2.0	0.0	1.0	8
	Sanna86	1987	4	5.0	0.0	5.0	0.0	1.0	8
	Nellie81	1982	3	1.0	0.0	1.0	0.0	1.0	7
	Gummisnodden	1979	3	1.0	0.0	1.0	0.0	1.0	7
	Duddes mamma	1978	3	1.0	0.0	1.0	0.0	1.0	7
	Lappen	1987	4	1.0	0.0	1.0	0.0	1.0	8
	Nlie	1986	4	1.0	0.0	1.0	0.0	1.0	8
	Maddolf	1979	3	3.0	0.0	3.0	0.0	1.0	7
	Soti75	1976	3	2.0	0.0	2.0	0.0	1.0	6
	AKT83	1984	4	2.0	0.0	2.0	0.0	1.0	8
	Jojo 85	1986	4	32.0	0.0	32.0	0.0	1.0	8
	hugger i sten	1981	3	2.0	0.0	2.0	0.0	1.0	7
	HallWall	1977	3	2.0	0.0	2.0	0.0	1.0	6
	lillzan	1983	4	7.0	0.0	7.0	0.0	1.0	8
	MammaAlex	1984	4	4.0	0.0	4.0	0.0	1.0	8
	liebespuppe	1986	4	1.0	0.0	1.0	0.0	1.0	8
	Beetle	1981	3	2.0	0.0	2.0	0.0	1.0	7
	zephyr	1985	4	3.0	1.0	2.0	0.3333333333333333	0.6666666666666666	8
	AlexandersMamma	1991	4	2.0	0.0	2.0	0.0	1.0	9
	Gojtan	1976	3	7.0	0.0	7.0	0.0	1.0	6
	lo800	1978	3	1.0	0.0	1.0	0.0	1.0	7
	Salamina	1972	2	1.0	0.0	1.0	0.0	1.0	5
	MrsMumrik	1980	3	1.0	0.0	1.0	0.0	1.0	7
	Gumbo	1962	1	3.0	0.0	3.0	0.0	1.0	3
	Flicka81	1982	3	2.0	1.0	1.0	0.5	0.5	7
	Södermalmsbönan	1982	3	2.0	0.0	2.0	0.0	1.0	7
	Semlan10	1973	3	9.0	0.0	9.0	0.0	1.0	6
	lillpuckot	1984	4	3.0	0.0	3.0	0.0	1.0	8
	Litenkatt	1980	3	4.0	0.0	4.0	0.0	1.0	7
	Althea	1975	3	2.0	0.0	2.0	0.0	1.0	6
	Lovi	1981	3	3.0	0.0	3.0	0.0	1.0	7
	MagMat	1986	4	1.0	0.0	1.0	0.0	1.0	8
	chasmin	1983	4	1.0	0.0	1.0	0.0	1.0	8
	aquarius87	1988	4	2.0	0.0	2.0	0.0	1.0	9
	guld lock	1982	3	1.0	0.0	1.0	0.0	1.0	7
	mw24	1986	4	1.0	0.0	1.0	0.0	1.0	8
	Med två små	1981	3	2.0	0.0	2.0	0.0	1.0	7
	RoseRed	1987	4	1.0	0.0	1.0	0.0	1.0	8
	Amatory	1985	4	2.0	1.0	1.0	0.5	0.5	8
	Pebble	1982	3	1.0	0.0	1.0	0.0	1.0	7
	ohbaby	1986	4	1.0	0.0	1.0	0.0	1.0	8
	emau88	1989	4	10.0	0.0	10.0	0.0	1.0	9
	vintertjej	1981	3	1.0	0.0	1.0	0.0	1.0	7
	Karin Hanna	1981	3	2.0	0.0	2.0	0.0	1.0	7
	Misswiren	1983	4	1.0	0.0	1.0	0.0	1.0	8
	FVA	1981	3	3.0	0.0	3.0	0.0	1.0	7
	pronomen	1986	4	1.0	0.0	1.0	0.0	1.0	8
	sofieann	1985	4	1.0	0.0	1.0	0.0	1.0	8
	villamakebarn	1987	4	1.0	0.0	1.0	0.0	1.0	8
	Mamabear	1983	4	1.0	0.0	1.0	0.0	1.0	8
	e som i elin	1985	4	2.0	0.0	2.0	0.0	1.0	8
	EnormLängtan	1991	4	2.0	0.0	2.0	0.0	1.0	9
	Knasgullet2	1989	4	2.0	0.0	2.0	0.0	1.0	9
	Lilla Fjun	1978	3	12.0	0.0	12.0	0.0	1.0	7
	downismor	1979	3	1.0	0.0	1.0	0.0	1.0	7
	frujakobsson	1971	2	6.0	0.0	6.0	0.0	1.0	5
	A84	1985	4	2.0	0.0	2.0	0.0	1.0	8
	Gravid 89	1990	4	2.0	0.0	2.0	0.0	1.0	9
	MinoosMami	1986	4	1.0	0.0	1.0	0.0	1.0	8
	BlackMamba	1965	2	1.0	0.0	1.0	0.0	1.0	4
	drömmare	1984	4	2.0	0.0	2.0	0.0	1.0	8
	Izzies matte	1986	4	3.0	0.0	3.0	0.0	1.0	8
	Mrs00K	1987	4	1.0	0.0	1.0	0.0	1.0	8
	Nellie	1975	3	10.0	0.0	10.0	0.0	1.0	6
	Cherkan	1979	3	4.0	0.0	4.0	0.0	1.0	7
	Stina85	1986	4	3.0	0.0	3.0	0.0	1.0	8
	Akilla	1983	4	1.0	0.0	1.0	0.0	1.0	8
	Issa86	1987	4	2.0	0.0	2.0	0.0	1.0	8
	Nitrogen	1988	4	10.0	0.0	10.0	0.0	1.0	9
	Sussolita	1988	4	1.0	0.0	1.0	0.0	1.0	9
	labbalabba	1987	4	1.0	0.0	1.0	0.0	1.0	8
	Caroliine85	1986	4	2.0	0.0	2.0	0.0	1.0	8
	Strommingen	1987	4	6.0	0.0	6.0	0.0	1.0	8
	Miffy	1982	3	5.0	0.0	5.0	0.0	1.0	7
	längtar89	1989	4	3.0	0.0	3.0	0.0	1.0	9
	Tninis	1988	4	1.0	0.0	1.0	0.0	1.0	9
	EowynAurora	1984	4	1.0	0.0	1.0	0.0	1.0	8
	gina2012	1980	3	1.0	0.0	1.0	0.0	1.0	7
	bebisjakt	1987	4	2.0	0.0	2.0	0.0	1.0	8
	never	1967	2	4.0	0.0	4.0	0.0	1.0	4
	längtan67	1968	2	2.0	0.0	2.0	0.0	1.0	5
	MissPearl	1981	3	1.0	0.0	1.0	0.0	1.0	7
	Linny79	1980	3	3.0	0.0	3.0	0.0	1.0	7
	monchichi76	1977	3	3.0	0.0	3.0	0.0	1.0	6
	tjorven01	1980	3	1.0	0.0	1.0	0.0	1.0	7
	myran6801	1971	2	1.0	0.0	1.0	0.0	1.0	5
	hemligt gravid	1982	3	1.0	0.0	1.0	0.0	1.0	7
	Magnolian	1973	3	1.0	0.0	1.0	0.0	1.0	6
	NorrVimpel	1973	3	5.0	0.0	5.0	0.0	1.0	6
	Glaadis	1976	3	7.0	1.0	6.0	0.14285714285714285	0.8571428571428571	6
	mammiz83	1984	4	10.0	0.0	10.0	0.0	1.0	8
	joyride	1983	4	1.0	0.0	1.0	0.0	1.0	8
	Goklumpen	1982	3	1.0	0.0	1.0	0.0	1.0	7
	Kappan	1983	4	1.0	0.0	1.0	0.0	1.0	8
	Angelique	1976	3	4.0	0.0	4.0	0.0	1.0	6
	pluggande mamma	1973	3	3.0	0.0	3.0	0.0	1.0	6
	Inanna Li	1969	2	5.0	0.0	5.0	0.0	1.0	5
	Himlan77	1978	3	4.0	0.0	4.0	0.0	1.0	7
	we wish for a baby	1980	3	1.0	0.0	1.0	0.0	1.0	7
	Louise 77	1978	3	1.0	0.0	1.0	0.0	1.0	7
	javabönan	1975	3	2.0	0.0	2.0	0.0	1.0	6
	Mida	1973	3	3.0	1.0	2.0	0.3333333333333333	0.6666666666666666	6
	Elisie	1985	4	2.0	0.0	2.0	0.0	1.0	8
	eekramaren	1980	3	2.0	1.0	1.0	0.5	0.5	7
	Lyxmamma	1973	3	7.0	0.0	7.0	0.0	1.0	6
	LillfisenE	1986	4	1.0	0.0	1.0	0.0	1.0	8
	lilllarsson	1985	4	2.0	0.0	2.0	0.0	1.0	8
	Bette	1967	2	3.0	0.0	3.0	0.0	1.0	4
	LeeLoo82	1983	4	2.0	0.0	2.0	0.0	1.0	8
	mammailund85	1986	4	1.0	0.0	1.0	0.0	1.0	8
	Skräpis	1976	3	1.0	0.0	1.0	0.0	1.0	6
	johannaalkehag	1987	4	2.0	0.0	2.0	0.0	1.0	8
	Clouds	1977	3	1.0	0.0	1.0	0.0	1.0	6
	Anna76	1977	3	2.0	0.0	2.0	0.0	1.0	6
	önskar09	1975	3	4.0	1.0	3.0	0.25	0.75	6
	nate	1980	3	2.0	0.0	2.0	0.0	1.0	7
	mamalin	1984	4	6.0	0.0	6.0	0.0	1.0	8
	mogirl	1978	3	1.0	0.0	1.0	0.0	1.0	7
	sundsvallstjej	1989	4	1.0	0.0	1.0	0.0	1.0	9
	hallandsliv	1979	3	1.0	0.0	1.0	0.0	1.0	7
	Zazz82	1983	4	1.0	0.0	1.0	0.0	1.0	8
	AnnaA80	1981	3	1.0	0.0	1.0	0.0	1.0	7
	Nina 77	1978	3	1.0	0.0	1.0	0.0	1.0	7
	sandra8712	1988	4	1.0	0.0	1.0	0.0	1.0	9
	Kakandi	1977	3	1.0	0.0	1.0	0.0	1.0	6
	Den som Längtar	1989	4	2.0	0.0	2.0	0.0	1.0	9
	Jenny87	1988	4	1.0	0.0	1.0	0.0	1.0	9
	lier1979	1980	3	2.0	0.0	2.0	0.0	1.0	7
	trasis	1983	4	1.0	0.0	1.0	0.0	1.0	8
	Suss73	1974	3	2.0	1.0	1.0	0.5	0.5	6
	Natli	1985	4	2.0	0.0	2.0	0.0	1.0	8
	Min skrutt	1981	3	3.0	0.0	3.0	0.0	1.0	7
	mimmelie	1988	4	1.0	0.0	1.0	0.0	1.0	9
	Helena D	1975	3	1.0	0.0	1.0	0.0	1.0	6
	angelgirl84	1985	4	1.0	0.0	1.0	0.0	1.0	8
	Aurora84	1985	4	1.0	0.0	1.0	0.0	1.0	8
	Lajs85	1986	4	3.0	0.0	3.0	0.0	1.0	8
	mammiloo	1974	3	3.0	0.0	3.0	0.0	1.0	6
	Tuntalisa	1977	3	1.0	0.0	1.0	0.0	1.0	6
	Biinzan	1990	4	1.0	0.0	1.0	0.0	1.0	9
	camilla88	1989	4	1.0	0.0	1.0	0.0	1.0	9
	Nessima	1989	4	2.0	0.0	2.0	0.0	1.0	9
	pinkygirl	1979	3	2.0	0.0	2.0	0.0	1.0	7
	Prinsessan Viktoria	1986	4	2.0	0.0	2.0	0.0	1.0	8
	Nagoyam W	1984	4	1.0	0.0	1.0	0.0	1.0	8
	halmstadcarro	1986	4	2.0	0.0	2.0	0.0	1.0	8
	Insomble	1986	4	1.0	0.0	1.0	0.0	1.0	8
	AnneLine	1988	4	1.0	1.0	0.0	1.0	0.0	9
	Rilliana	1984	4	1.0	0.0	1.0	0.0	1.0	8
	Nalli	1983	4	4.0	0.0	4.0	0.0	1.0	8
	Souvenir	1986	4	2.0	0.0	2.0	0.0	1.0	8
	Queenofice	1983	4	2.0	0.0	2.0	0.0	1.0	8
	Fanta	1961	1	1.0	0.0	1.0	0.0	1.0	3
	arrro	1975	3	1.0	0.0	1.0	0.0	1.0	6
	Isalisa	1979	3	1.0	0.0	1.0	0.0	1.0	7
	godistroll	1983	4	3.0	0.0	3.0	0.0	1.0	8
	enilorac	1984	4	1.0	0.0	1.0	0.0	1.0	8
	xxMollyxx	1982	3	1.0	0.0	1.0	0.0	1.0	7
	prinsessanTyra	1982	3	2.0	0.0	2.0	0.0	1.0	7
	Linnéa777	1989	4	1.0	0.0	1.0	0.0	1.0	9
	JaQ	1990	4	1.0	0.0	1.0	0.0	1.0	9
	krissa	1982	3	2.0	0.0	2.0	0.0	1.0	7
	Chick	1988	4	1.0	0.0	1.0	0.0	1.0	9
	sariat	1986	4	1.0	0.0	1.0	0.0	1.0	8
	storkenkankomma	1984	4	1.0	0.0	1.0	0.0	1.0	8
	Miss Johanna	1984	4	1.0	0.0	1.0	0.0	1.0	8
	hallåja	1982	3	1.0	0.0	1.0	0.0	1.0	7
	Dudda	1978	3	2.0	0.0	2.0	0.0	1.0	7
	lerumstessan	1983	4	2.0	0.0	2.0	0.0	1.0	8
	Sirenia	1982	3	1.0	0.0	1.0	0.0	1.0	7
	Carbon	1980	3	1.0	0.0	1.0	0.0	1.0	7
	emelielj	1990	4	1.0	0.0	1.0	0.0	1.0	9
	anka och uggla	1982	3	1.0	0.0	1.0	0.0	1.0	7
	smc	1981	3	2.0	0.0	2.0	0.0	1.0	7
	Michelle Ö	1983	4	1.0	0.0	1.0	0.0	1.0	8
	mariem	1983	4	1.0	0.0	1.0	0.0	1.0	8
	Sockerbullen	1988	4	4.0	0.0	4.0	0.0	1.0	9
	Snowsee	1986	4	1.0	0.0	1.0	0.0	1.0	8
	Melle85	1986	4	1.0	0.0	1.0	0.0	1.0	8
	frida S83	1984	4	1.0	0.0	1.0	0.0	1.0	8
	mjukisb	1980	3	8.0	0.0	8.0	0.0	1.0	7
	magelita80	1981	3	2.0	0.0	2.0	0.0	1.0	7
	Ellie86	1987	4	2.0	0.0	2.0	0.0	1.0	8
	Trixi	1976	3	1.0	0.0	1.0	0.0	1.0	6
	mammat2	1987	4	2.0	0.0	2.0	0.0	1.0	8
	Ester W	1976	3	1.0	0.0	1.0	0.0	1.0	6
	Carro 83	1984	4	1.0	0.0	1.0	0.0	1.0	8
	bily	1987	4	1.0	0.0	1.0	0.0	1.0	8
	LokesMammi	1982	3	1.0	0.0	1.0	0.0	1.0	7
	Underlig	1975	3	1.0	0.0	1.0	0.0	1.0	6
	Lill Bästis	1987	4	1.0	0.0	1.0	0.0	1.0	8
	TheOnlyOne	1979	3	2.0	0.0	2.0	0.0	1.0	7
	Rosen123	1985	4	1.0	0.0	1.0	0.0	1.0	8
	annis83	1984	4	1.0	0.0	1.0	0.0	1.0	8
	FrökenH	1987	4	1.0	0.0	1.0	0.0	1.0	8
	Duttan	1984	4	1.0	0.0	1.0	0.0	1.0	8
	Lycklig88	1989	4	1.0	0.0	1.0	0.0	1.0	9
	Mjukamilla	1976	3	1.0	0.0	1.0	0.0	1.0	6
	Stoce	1983	4	1.0	0.0	1.0	0.0	1.0	8
	Jaya	1989	4	2.0	0.0	2.0	0.0	1.0	9
	Kajsa81	1982	3	1.0	0.0	1.0	0.0	1.0	7
	FamMel	1980	3	1.0	0.0	1.0	0.0	1.0	7
	Busfrö10	1979	3	1.0	0.0	1.0	0.0	1.0	7
	millalle	1986	4	1.0	0.0	1.0	0.0	1.0	8
	solrosen1	1983	4	2.0	0.0	2.0	0.0	1.0	8
	MyStyle	1983	4	1.0	0.0	1.0	0.0	1.0	8
	LindaMattias	1981	3	4.0	0.0	4.0	0.0	1.0	7
	Casey	1989	4	1.0	0.0	1.0	0.0	1.0	9
	Dixxie	1980	3	4.0	0.0	4.0	0.0	1.0	7
	Neko87	1988	4	1.0	0.0	1.0	0.0	1.0	9
	Lilla M	1979	3	8.0	0.0	8.0	0.0	1.0	7
	Bettyboopan1984	1985	4	1.0	0.0	1.0	0.0	1.0	8
	honeybunches	1982	3	1.0	0.0	1.0	0.0	1.0	7
	EmLin	1984	4	1.0	0.0	1.0	0.0	1.0	8
	apelsinblomma	1991	4	1.0	0.0	1.0	0.0	1.0	9
	Hjärter Dam100	1981	3	1.0	0.0	1.0	0.0	1.0	7
	C rex	1968	2	1.0	0.0	1.0	0.0	1.0	5
	lilla snöflingan	1988	4	1.0	0.0	1.0	0.0	1.0	9
	Bina86	1987	4	3.0	0.0	3.0	0.0	1.0	8
	cillaallic	1972	2	1.0	0.0	1.0	0.0	1.0	5
	semlan10	1973	3	1.0	0.0	1.0	0.0	1.0	6
	MrsSophie	1975	3	1.0	0.0	1.0	0.0	1.0	6
	UgurBöcegi	1985	4	1.0	0.0	1.0	0.0	1.0	8
	Mifuna	1985	4	3.0	0.0	3.0	0.0	1.0	8
	Pumlan	1987	4	1.0	0.0	1.0	0.0	1.0	8
	Christin3	1985	4	1.0	0.0	1.0	0.0	1.0	8
	Miss Piggy 82	1983	4	1.0	0.0	1.0	0.0	1.0	8
	Cocine	1983	4	4.0	0.0	4.0	0.0	1.0	8
	Niccipicci	1976	3	2.0	0.0	2.0	0.0	1.0	6
	pinglan77	1978	3	1.0	0.0	1.0	0.0	1.0	7
	mammahaj	1989	4	4.0	0.0	4.0	0.0	1.0	9
	MammaMor	1989	4	2.0	0.0	2.0	0.0	1.0	9
	sofiaah	1984	4	2.0	0.0	2.0	0.0	1.0	8
	Airona	1983	4	1.0	0.0	1.0	0.0	1.0	8
	Memmal	1982	3	1.0	0.0	1.0	0.0	1.0	7
	Ida o Olivia	1982	3	3.0	0.0	3.0	0.0	1.0	7
	J0SSAN	1983	4	1.0	0.0	1.0	0.0	1.0	8
	skanka	1978	3	2.0	0.0	2.0	0.0	1.0	7
	familjemamma	1975	3	6.0	0.0	6.0	0.0	1.0	6
	Elino	1971	2	1.0	0.0	1.0	0.0	1.0	5
	längtabarn	1967	2	1.0	0.0	1.0	0.0	1.0	4
	UmeAnkan	1984	4	1.0	0.0	1.0	0.0	1.0	8
	Mandolin	1978	3	3.0	0.0	3.0	0.0	1.0	7
	Nellan10	1977	3	2.0	0.0	2.0	0.0	1.0	6
	Ekstrumpa	1982	3	5.0	0.0	5.0	0.0	1.0	7
	Sockiplast	1980	3	2.0	0.0	2.0	0.0	1.0	7
	Kat the bat	1986	4	1.0	0.0	1.0	0.0	1.0	8
	Krutgumman	1971	2	1.0	0.0	1.0	0.0	1.0	5
	Starla	1981	3	1.0	0.0	1.0	0.0	1.0	7
	elliz	1987	4	6.0	0.0	6.0	0.0	1.0	8
	Elmyra	1981	3	1.0	1.0	0.0	1.0	0.0	7
	Maria 8403	1985	4	4.0	0.0	4.0	0.0	1.0	8
	Malansu	1986	4	1.0	0.0	1.0	0.0	1.0	8
	tre ska bli fyra	1979	3	1.0	0.0	1.0	0.0	1.0	7
	Miemi	1974	3	1.0	0.0	1.0	0.0	1.0	6
	Mikes bride	1976	3	2.0	0.0	2.0	0.0	1.0	6
	MalinV	1977	3	2.0	0.0	2.0	0.0	1.0	6
	emilou77	1982	3	2.0	0.0	2.0	0.0	1.0	7
	7of9	1988	4	1.0	0.0	1.0	0.0	1.0	9
	Mamba	1985	4	3.0	0.0	3.0	0.0	1.0	8
	Hinos	1969	2	2.0	0.0	2.0	0.0	1.0	5
	Plly	1981	3	3.0	0.0	3.0	0.0	1.0	7
	SysterYster2	1977	3	2.0	0.0	2.0	0.0	1.0	6
	Piken	1973	3	1.0	0.0	1.0	0.0	1.0	6
	tvåem	1978	3	1.0	0.0	1.0	0.0	1.0	7
	Jna	1971	2	1.0	0.0	1.0	0.0	1.0	5
	Adora1	1980	3	6.0	0.0	6.0	0.0	1.0	7
	fantasy06	1983	4	1.0	0.0	1.0	0.0	1.0	8
	Minatre3	1975	3	1.0	0.0	1.0	0.0	1.0	6
	Ml83	1984	4	1.0	0.0	1.0	0.0	1.0	8
	honeybun	1984	4	2.0	0.0	2.0	0.0	1.0	8
	Hormonermedhumör	1979	3	2.0	0.0	2.0	0.0	1.0	7
	puman0507	1973	3	2.0	0.0	2.0	0.0	1.0	6
	Bubbliz	1988	4	1.0	0.0	1.0	0.0	1.0	9
	Dakine	1988	4	1.0	0.0	1.0	0.0	1.0	9
	Xadime	1985	4	1.0	0.0	1.0	0.0	1.0	8
	Lisol	1983	4	1.0	0.0	1.0	0.0	1.0	8
	MD77	1978	3	2.0	0.0	2.0	0.0	1.0	7
	elno	1981	3	1.0	0.0	1.0	0.0	1.0	7
	lottsan	1982	3	1.0	0.0	1.0	0.0	1.0	7
	PennyLane	1979	3	1.0	0.0	1.0	0.0	1.0	7
	lmcl	1988	4	1.0	0.0	1.0	0.0	1.0	9
	Sassa A	1983	4	1.0	0.0	1.0	0.0	1.0	8
	Maria303	1980	3	2.0	0.0	2.0	0.0	1.0	7
	Goingen	1987	4	2.0	0.0	2.0	0.0	1.0	8
	Sab1na	1989	4	1.0	0.0	1.0	0.0	1.0	9
	phillipha	1989	4	1.0	0.0	1.0	0.0	1.0	9
	Lissy81	1982	3	1.0	0.0	1.0	0.0	1.0	7
	smurfen84	1985	4	1.0	0.0	1.0	0.0	1.0	8
	finder	1991	4	1.0	0.0	1.0	0.0	1.0	9
	Lowika	1981	3	1.0	0.0	1.0	0.0	1.0	7
	Ofeigur	1980	3	3.0	0.0	3.0	0.0	1.0	7
	many87	1988	4	1.0	0.0	1.0	0.0	1.0	9
	MuM2girls	1987	4	1.0	0.0	1.0	0.0	1.0	8
	Elsa o jag	1982	3	1.0	0.0	1.0	0.0	1.0	7
	hellish89	1990	4	1.0	0.0	1.0	0.0	1.0	9
	Sofiapers	1976	3	1.0	0.0	1.0	0.0	1.0	6
	k03san	1983	4	1.0	0.0	1.0	0.0	1.0	8
	PaulaVanilla	1986	4	2.0	0.0	2.0	0.0	1.0	8
	Aniko	1976	3	1.0	0.0	1.0	0.0	1.0	6
	Japan87	1988	4	4.0	0.0	4.0	0.0	1.0	9
	Shigo	1983	4	3.0	0.0	3.0	0.0	1.0	8
	lindy01	1980	3	1.0	0.0	1.0	0.0	1.0	7
	båten	1987	4	1.0	0.0	1.0	0.0	1.0	8
	silvanus	1983	4	1.0	0.0	1.0	0.0	1.0	8
	Pethra	1967	2	1.0	0.0	1.0	0.0	1.0	4
	Mysgrodan	1984	4	2.0	0.0	2.0	0.0	1.0	8
	anna ruffs	1984	4	2.0	0.0	2.0	0.0	1.0	8
	imaf	1987	4	1.0	0.0	1.0	0.0	1.0	8
	knäckis	1977	3	1.0	0.0	1.0	0.0	1.0	6
	Nissen86	1987	4	2.0	0.0	2.0	0.0	1.0	8
	SEM	1990	4	1.0	0.0	1.0	0.0	1.0	9
	Alfonsina	1978	3	1.0	0.0	1.0	0.0	1.0	7
	LadyLi	1983	4	1.0	0.0	1.0	0.0	1.0	8
	babymoon	1987	4	1.0	1.0	0.0	1.0	0.0	8
	carola 79	1980	3	1.0	0.0	1.0	0.0	1.0	7
	wannabemom	1985	4	1.0	0.0	1.0	0.0	1.0	8
	Jeanette81	1982	3	1.0	0.0	1.0	0.0	1.0	7
	mezzi	1989	4	2.0	0.0	2.0	0.0	1.0	9
	asp76	1977	3	1.0	0.0	1.0	0.0	1.0	6
	Anna4	1990	4	1.0	0.0	1.0	0.0	1.0	9
	N4L	1987	4	1.0	0.0	1.0	0.0	1.0	8
	multivitaminjuice	1989	4	6.0	1.0	5.0	0.16666666666666666	0.8333333333333334	9
	Ghostrider	1990	4	1.0	0.0	1.0	0.0	1.0	9
	de Robespierre	1963	2	6.0	1.0	5.0	0.16666666666666666	0.8333333333333334	4
	KATITZY	1989	4	1.0	0.0	1.0	0.0	1.0	9
	penni	1984	4	1.0	0.0	1.0	0.0	1.0	8
	lilla gumman 85	1986	4	1.0	0.0	1.0	0.0	1.0	8
	Pannkakan16	1986	4	1.0	0.0	1.0	0.0	1.0	8
	Knorrisen	1983	4	1.0	0.0	1.0	0.0	1.0	8
	indicaana	1985	4	1.0	0.0	1.0	0.0	1.0	8
	Evie	1980	3	1.0	0.0	1.0	0.0	1.0	7
	Badkruka	1968	2	1.0	0.0	1.0	0.0	1.0	5
	hoppaspåenliten	1973	3	1.0	1.0	0.0	1.0	0.0	6
	inga76	1977	3	1.0	0.0	1.0	0.0	1.0	6
	BounceT	1980	3	3.0	0.0	3.0	0.0	1.0	7
	Hjärtefröjd	1979	3	1.0	0.0	1.0	0.0	1.0	7
	Josefin L	1980	3	4.0	0.0	4.0	0.0	1.0	7
	lisala	1976	3	2.0	0.0	2.0	0.0	1.0	6
	mononoke hime	1975	3	1.0	0.0	1.0	0.0	1.0	6
	Sally86	1987	4	1.0	0.0	1.0	0.0	1.0	8
	Okara	1973	3	2.0	0.0	2.0	0.0	1.0	6
	suck	1983	4	2.0	0.0	2.0	0.0	1.0	8
	pernilla1972	1973	3	1.0	0.0	1.0	0.0	1.0	6
	goding6666	1979	3	1.0	0.0	1.0	0.0	1.0	7
	Ars Amandi	1977	3	2.0	0.0	2.0	0.0	1.0	6
	Aniara	1974	3	2.0	0.0	2.0	0.0	1.0	6
	Liv73	1974	3	2.0	0.0	2.0	0.0	1.0	6
	Tillata	1982	3	3.0	0.0	3.0	0.0	1.0	7
	alwilda	1980	3	1.0	1.0	0.0	1.0	0.0	7
	Mamma gås	1973	3	2.0	0.0	2.0	0.0	1.0	6
	pållan	1975	3	1.0	0.0	1.0	0.0	1.0	6
	ninina	1985	4	1.0	0.0	1.0	0.0	1.0	8
	Kiwi10	1982	3	1.0	0.0	1.0	0.0	1.0	7
	Annielee	1983	4	1.0	0.0	1.0	0.0	1.0	8
	m0desty	1975	3	1.0	0.0	1.0	0.0	1.0	6
	lena1	1960	1	1.0	0.0	1.0	0.0	1.0	3
	Lillegrill	1971	2	1.0	0.0	1.0	0.0	1.0	5
	elin22	1980	3	2.0	0.0	2.0	0.0	1.0	7
	Mrs girl	1981	3	1.0	0.0	1.0	0.0	1.0	7
	ava adore	1983	4	2.0	0.0	2.0	0.0	1.0	8
	HoppetKärleken	1975	3	2.0	1.0	1.0	0.5	0.5	6
	Super S	1980	3	1.0	0.0	1.0	0.0	1.0	7
	Tweety11	1974	3	1.0	0.0	1.0	0.0	1.0	6
	IsaViolia	1988	4	2.0	0.0	2.0	0.0	1.0	9
	Thea	1980	3	1.0	0.0	1.0	0.0	1.0	7
	Mammas propp	1979	3	1.0	0.0	1.0	0.0	1.0	7
	mammawannabe	1969	2	3.0	0.0	3.0	0.0	1.0	5
	Mamma Emma	1985	4	1.0	0.0	1.0	0.0	1.0	8
	Pion82	1983	4	1.0	0.0	1.0	0.0	1.0	8
	Solros72	1973	3	1.0	0.0	1.0	0.0	1.0	6
	Mineko	1976	3	1.0	0.0	1.0	0.0	1.0	6
	Irma01	1978	3	1.0	0.0	1.0	0.0	1.0	7
	Sharika	1979	3	2.0	0.0	2.0	0.0	1.0	7
	Kaka76	1977	3	1.0	0.0	1.0	0.0	1.0	6
	Hjärtat78	1979	3	1.0	0.0	1.0	0.0	1.0	7
	Mika1980	1981	3	1.0	0.0	1.0	0.0	1.0	7
	Sejda79	1980	3	1.0	0.0	1.0	0.0	1.0	7
	vilängtar	1986	4	1.0	0.0	1.0	0.0	1.0	8
	snartliverhorn	1979	3	1.0	0.0	1.0	0.0	1.0	7
	S U S E N	1986	4	1.0	0.0	1.0	0.0	1.0	8
	saraA88	1971	2	2.0	0.0	2.0	0.0	1.0	5
	kimzeiy	1985	4	1.0	0.0	1.0	0.0	1.0	8
	glader	1975	3	1.0	0.0	1.0	0.0	1.0	6
