year	speaker	innovativity	exposure_to_c	exposure_to_i
2000	Hank.leach		0.0	0.0
2001	Hank.leach		0.0	0.0
2002	Hank.leach		0.0	0.0
2003	Hank.leach		0.0	0.0
2004	Hank.leach		0.0	0.0
2005	Hank.leach		0.0	0.0
2006	Hank.leach		0.0	0.0
2007	Hank.leach		0.0	0.0
2008	Hank.leach		0.0	0.0
2009	Hank.leach		0.0	0.0
2010	Hank.leach		0.0	0.0
2011	Hank.leach		0.0	0.0
2012	Hank.leach		0.0	0.0
2013	Hank.leach		0.0	0.0
2014	Hank.leach		0.0	0.0
2015	Hank.leach		0.0	0.0
2016	Hank.leach		0.0	0.0
2017	Hank.leach		0.0	0.0
2018	Hank.leach		0.0	0.0
2019	Hank.leach	1.0	0.0	0.0
2020	Hank.leach		0.0	0.0
2021	Hank.leach		0.0	0.0
2022	Hank.leach		0.0	0.0
2000	Azneee		0.0	0.0
2001	Azneee		0.0	0.0
2002	Azneee		0.0	0.0
2003	Azneee		0.0	0.0
2004	Azneee		0.0	0.0
2005	Azneee		0.0	0.0
2006	Azneee		0.0	0.0
2007	Azneee		0.0	0.0
2008	Azneee		0.0	0.0
2009	Azneee		0.0	0.0
2010	Azneee		0.0	0.0
2011	Azneee		0.0	0.0
2012	Azneee		0.0	0.0
2013	Azneee		0.0	0.0
2014	Azneee		0.0	0.0
2015	Azneee		0.0	0.0
2016	Azneee		0.0	0.0
2017	Azneee		0.0	0.0
2018	Azneee		0.0	0.0
2019	Azneee	1.0	0.0	0.0
2020	Azneee		0.0	0.0
2021	Azneee		0.0	0.0
2022	Azneee		0.0	0.0
2000	DeeSchool		0.0	0.0
2001	DeeSchool		0.0	0.0
2002	DeeSchool		0.0	0.0
2003	DeeSchool		0.0	0.0
2004	DeeSchool		0.0	0.0
2005	DeeSchool		0.0	0.0
2006	DeeSchool		0.0	0.0
2007	DeeSchool		0.0	0.0
2008	DeeSchool		0.0	0.0
2009	DeeSchool		0.0	0.0
2010	DeeSchool		0.0	0.0
2011	DeeSchool		0.0	0.0
2012	DeeSchool		0.0	0.0
2013	DeeSchool		0.0	0.0
2014	DeeSchool		0.0	0.0
2015	DeeSchool		0.0	0.0
2016	DeeSchool		0.0	0.0
2017	DeeSchool		0.0	0.0
2018	DeeSchool		0.0	0.0
2019	DeeSchool	1.0	0.0	2.0
2020	DeeSchool		0.0	0.0
2021	DeeSchool		0.0	0.0
2022	DeeSchool		0.0	0.0
2000	kraftfoder		0.0	0.0
2001	kraftfoder		0.0	0.0
2002	kraftfoder		0.0	0.0
2003	kraftfoder		0.0	0.0
2004	kraftfoder		0.0	0.0
2005	kraftfoder		0.0	0.0
2006	kraftfoder		0.0	0.0
2007	kraftfoder		0.0	0.0
2008	kraftfoder		0.0	0.0
2009	kraftfoder		0.0	0.0
2010	kraftfoder		0.0	0.0
2011	kraftfoder		0.0	0.0
2012	kraftfoder		0.0	0.0
2013	kraftfoder		0.0	0.0
2014	kraftfoder		0.0	0.0
2015	kraftfoder		0.0	0.0
2016	kraftfoder		0.0	0.0
2017	kraftfoder		0.0	0.0
2018	kraftfoder		0.0	0.0
2019	kraftfoder	1.0	0.0	0.0
2020	kraftfoder		0.0	0.0
2021	kraftfoder		0.0	0.0
2022	kraftfoder	1.0	0.0	0.0
2000	Gynekologstol		0.0	0.0
2001	Gynekologstol		0.0	0.0
2002	Gynekologstol		0.0	0.0
2003	Gynekologstol		0.0	0.0
2004	Gynekologstol		0.0	0.0
2005	Gynekologstol		0.0	0.0
2006	Gynekologstol		0.0	0.0
2007	Gynekologstol		0.0	0.0
2008	Gynekologstol		0.0	0.0
2009	Gynekologstol		0.0	0.0
2010	Gynekologstol		0.0	0.0
2011	Gynekologstol		0.0	0.0
2012	Gynekologstol		0.0	0.0
2013	Gynekologstol		0.0	0.0
2014	Gynekologstol		0.0	0.0
2015	Gynekologstol		0.0	0.0
2016	Gynekologstol		0.0	0.0
2017	Gynekologstol		0.0	0.0
2018	Gynekologstol		0.0	0.0
2019	Gynekologstol	1.0	0.0	0.0
2020	Gynekologstol		0.0	0.0
2021	Gynekologstol		0.0	0.0
2022	Gynekologstol		0.0	0.0
2000	Belavia		0.0	0.0
2001	Belavia		0.0	0.0
2002	Belavia		0.0	0.0
2003	Belavia		0.0	0.0
2004	Belavia		0.0	0.0
2005	Belavia		0.0	0.0
2006	Belavia		0.0	0.0
2007	Belavia		0.0	0.0
2008	Belavia		0.0	0.0
2009	Belavia		0.0	0.0
2010	Belavia		0.0	0.0
2011	Belavia		0.0	0.0
2012	Belavia		0.0	0.0
2013	Belavia		0.0	0.0
2014	Belavia		0.0	0.0
2015	Belavia		0.0	0.0
2016	Belavia		0.0	0.0
2017	Belavia		0.0	0.0
2018	Belavia		0.0	0.0
2019	Belavia	1.0	0.0	0.0
2020	Belavia		0.0	0.0
2021	Belavia		0.0	0.0
2022	Belavia		0.0	0.0
2000	AutDisceAutDiscede		0.0	0.0
2001	AutDisceAutDiscede		0.0	0.0
2002	AutDisceAutDiscede		0.0	0.0
2003	AutDisceAutDiscede		0.0	0.0
2004	AutDisceAutDiscede		0.0	0.0
2005	AutDisceAutDiscede		0.0	0.0
2006	AutDisceAutDiscede		0.0	0.0
2007	AutDisceAutDiscede		0.0	0.0
2008	AutDisceAutDiscede		0.0	0.0
2009	AutDisceAutDiscede		0.0	0.0
2010	AutDisceAutDiscede		0.0	0.0
2011	AutDisceAutDiscede		0.0	0.0
2012	AutDisceAutDiscede		0.0	0.0
2013	AutDisceAutDiscede		0.0	0.0
2014	AutDisceAutDiscede		0.0	0.0
2015	AutDisceAutDiscede		0.0	0.0
2016	AutDisceAutDiscede		0.0	0.0
2017	AutDisceAutDiscede		0.0	0.0
2018	AutDisceAutDiscede		0.0	0.0
2019	AutDisceAutDiscede	1.0	0.0	0.0
2020	AutDisceAutDiscede		0.0	0.0
2021	AutDisceAutDiscede		0.0	0.0
2022	AutDisceAutDiscede		0.0	0.0
2000	bern77		0.0	0.0
2001	bern77		0.0	0.0
2002	bern77		0.0	0.0
2003	bern77		0.0	0.0
2004	bern77		0.0	0.0
2005	bern77		0.0	0.0
2006	bern77		0.0	0.0
2007	bern77		0.0	0.0
2008	bern77		0.0	0.0
2009	bern77		0.0	0.0
2010	bern77		0.0	0.0
2011	bern77		0.0	0.0
2012	bern77		0.0	0.0
2013	bern77		0.0	0.0
2014	bern77		0.0	0.0
2015	bern77		0.0	0.0
2016	bern77		0.0	0.0
2017	bern77		0.0	0.0
2018	bern77		0.0	0.0
2019	bern77	1.0	0.0	0.0
2020	bern77		0.0	0.0
2021	bern77		0.0	0.0
2022	bern77		0.0	0.0
2000	X-front		0.0	0.0
2001	X-front		0.0	0.0
2002	X-front		0.0	0.0
2003	X-front		0.0	0.0
2004	X-front		0.0	0.0
2005	X-front		0.0	0.0
2006	X-front		0.0	0.0
2007	X-front		0.0	0.0
2008	X-front		0.0	0.0
2009	X-front		0.0	0.0
2010	X-front		0.0	0.0
2011	X-front		0.0	0.0
2012	X-front		0.0	0.0
2013	X-front		0.0	0.0
2014	X-front		0.0	0.0
2015	X-front		0.0	0.0
2016	X-front		0.0	0.0
2017	X-front		0.0	0.0
2018	X-front		0.0	0.0
2019	X-front	1.0	0.0	0.0
2020	X-front		0.0	0.0
2021	X-front		0.0	0.0
2022	X-front		0.0	0.0
2000	Zitt		0.0	0.0
2001	Zitt		0.0	0.0
2002	Zitt		0.0	0.0
2003	Zitt		0.0	0.0
2004	Zitt		0.0	0.0
2005	Zitt		0.0	0.0
2006	Zitt		0.0	0.0
2007	Zitt		0.0	0.0
2008	Zitt		0.0	0.0
2009	Zitt		0.0	0.0
2010	Zitt		0.0	0.0
2011	Zitt		0.0	0.0
2012	Zitt		0.0	0.0
2013	Zitt		0.0	0.0
2014	Zitt		0.0	0.0
2015	Zitt		0.0	0.0
2016	Zitt		0.0	0.0
2017	Zitt		0.0	0.0
2018	Zitt		0.0	0.0
2019	Zitt	1.0	0.0	0.0
2020	Zitt		0.0	0.0
2021	Zitt		0.0	0.0
2022	Zitt		0.0	0.0
2000	Itoy		0.0	0.0
2001	Itoy		0.0	0.0
2002	Itoy		0.0	0.0
2003	Itoy		0.0	0.0
2004	Itoy		0.0	0.0
2005	Itoy		0.0	0.0
2006	Itoy		0.0	0.0
2007	Itoy		0.0	0.0
2008	Itoy		0.0	0.0
2009	Itoy		0.0	0.0
2010	Itoy		0.0	0.0
2011	Itoy		0.0	0.0
2012	Itoy		0.0	0.0
2013	Itoy		0.0	0.0
2014	Itoy		0.0	0.0
2015	Itoy		0.0	0.0
2016	Itoy		0.0	0.0
2017	Itoy		0.0	0.0
2018	Itoy		0.0	0.0
2019	Itoy	1.0	0.0	0.0
2020	Itoy		0.0	0.0
2021	Itoy		0.0	0.0
2022	Itoy		0.0	0.0
2000	Hapoel		0.0	0.0
2001	Hapoel		0.0	0.0
2002	Hapoel		0.0	0.0
2003	Hapoel		0.0	0.0
2004	Hapoel		0.0	0.0
2005	Hapoel		0.0	0.0
2006	Hapoel		0.0	0.0
2007	Hapoel		0.0	0.0
2008	Hapoel		0.0	0.0
2009	Hapoel		0.0	0.0
2010	Hapoel		0.0	0.0
2011	Hapoel		0.0	0.0
2012	Hapoel		0.0	0.0
2013	Hapoel		0.0	0.0
2014	Hapoel		0.0	0.0
2015	Hapoel		0.0	0.0
2016	Hapoel		0.0	0.0
2017	Hapoel		0.0	0.0
2018	Hapoel		0.0	0.0
2019	Hapoel	1.0	0.0	0.0
2020	Hapoel		0.0	0.0
2021	Hapoel	1.0	0.0	0.0
2022	Hapoel		0.0	0.0
2000	Antex		0.0	0.0
2001	Antex		0.0	0.0
2002	Antex		0.0	0.0
2003	Antex		0.0	0.0
2004	Antex		0.0	0.0
2005	Antex		0.0	0.0
2006	Antex		0.0	0.0
2007	Antex		0.0	0.0
2008	Antex		0.0	0.0
2009	Antex		0.0	0.0
2010	Antex		0.0	0.0
2011	Antex		0.0	0.0
2012	Antex		0.0	0.0
2013	Antex		0.0	0.0
2014	Antex		0.0	0.0
2015	Antex		0.0	0.0
2016	Antex		0.0	0.0
2017	Antex	1.0	0.0	0.0
2018	Antex		0.0	0.0
2019	Antex		0.0	0.0
2020	Antex		0.0	0.0
2021	Antex		0.0	0.0
2022	Antex		0.0	0.0
2000	Gameovereem1		0.0	0.0
2001	Gameovereem1		0.0	0.0
2002	Gameovereem1		0.0	0.0
2003	Gameovereem1		0.0	0.0
2004	Gameovereem1		0.0	0.0
2005	Gameovereem1		0.0	0.0
2006	Gameovereem1		0.0	0.0
2007	Gameovereem1		0.0	0.0
2008	Gameovereem1		0.0	0.0
2009	Gameovereem1		0.0	0.0
2010	Gameovereem1		0.0	0.0
2011	Gameovereem1		0.0	0.0
2012	Gameovereem1		0.0	0.0
2013	Gameovereem1		0.0	0.0
2014	Gameovereem1		0.0	0.0
2015	Gameovereem1		0.0	0.0
2016	Gameovereem1		0.0	0.0
2017	Gameovereem1	1.0	0.0	0.0
2018	Gameovereem1		0.0	0.0
2019	Gameovereem1		0.0	0.0
2020	Gameovereem1		0.0	0.0
2021	Gameovereem1		0.0	0.0
2022	Gameovereem1		0.0	0.0
2000	lemonzhello		0.0	0.0
2001	lemonzhello		0.0	0.0
2002	lemonzhello		0.0	0.0
2003	lemonzhello		0.0	0.0
2004	lemonzhello		0.0	0.0
2005	lemonzhello		0.0	0.0
2006	lemonzhello		0.0	0.0
2007	lemonzhello		0.0	0.0
2008	lemonzhello		0.0	0.0
2009	lemonzhello		0.0	0.0
2010	lemonzhello		0.0	0.0
2011	lemonzhello		0.0	0.0
2012	lemonzhello		0.0	0.0
2013	lemonzhello		0.0	0.0
2014	lemonzhello		0.0	0.0
2015	lemonzhello		0.0	0.0
2016	lemonzhello		0.0	0.0
2017	lemonzhello	1.0	0.0	0.0
2018	lemonzhello		0.0	0.0
2019	lemonzhello		0.0	0.0
2020	lemonzhello		0.0	0.0
2021	lemonzhello		0.0	0.0
2022	lemonzhello		0.0	0.0
2000	jugbandblues		0.0	0.0
2001	jugbandblues		0.0	0.0
2002	jugbandblues		0.0	0.0
2003	jugbandblues		0.0	0.0
2004	jugbandblues		0.0	0.0
2005	jugbandblues		0.0	0.0
2006	jugbandblues		0.0	0.0
2007	jugbandblues		0.0	0.0
2008	jugbandblues		0.0	0.0
2009	jugbandblues		0.0	0.0
2010	jugbandblues		0.0	0.0
2011	jugbandblues		0.0	0.0
2012	jugbandblues		0.0	0.0
2013	jugbandblues		0.0	0.0
2014	jugbandblues		0.0	0.0
2015	jugbandblues		0.0	0.0
2016	jugbandblues		0.0	0.0
2017	jugbandblues	1.0	0.0	0.0
2018	jugbandblues		0.0	0.0
2019	jugbandblues		0.0	0.0
2020	jugbandblues		0.0	0.0
2021	jugbandblues		0.0	0.0
2022	jugbandblues		0.0	0.0
2000	ThinkTank111		0.0	0.0
2001	ThinkTank111		0.0	0.0
2002	ThinkTank111		0.0	0.0
2003	ThinkTank111		0.0	0.0
2004	ThinkTank111		0.0	0.0
2005	ThinkTank111		0.0	0.0
2006	ThinkTank111		0.0	0.0
2007	ThinkTank111		0.0	0.0
2008	ThinkTank111		0.0	0.0
2009	ThinkTank111		0.0	0.0
2010	ThinkTank111		0.0	0.0
2011	ThinkTank111		0.0	0.0
2012	ThinkTank111		0.0	0.0
2013	ThinkTank111		0.0	0.0
2014	ThinkTank111		0.0	0.0
2015	ThinkTank111		0.0	0.0
2016	ThinkTank111		0.0	0.0
2017	ThinkTank111	1.0	0.0	1.0
2018	ThinkTank111		0.0	0.0
2019	ThinkTank111		0.0	0.0
2020	ThinkTank111		0.0	0.0
2021	ThinkTank111		0.0	0.0
2022	ThinkTank111		0.0	0.0
2000	aves8888		0.0	0.0
2001	aves8888		0.0	0.0
2002	aves8888		0.0	0.0
2003	aves8888		0.0	0.0
2004	aves8888		0.0	0.0
2005	aves8888		0.0	0.0
2006	aves8888		0.0	0.0
2007	aves8888		0.0	0.0
2008	aves8888		0.0	0.0
2009	aves8888		0.0	0.0
2010	aves8888		0.0	0.0
2011	aves8888		0.0	0.0
2012	aves8888		0.0	0.0
2013	aves8888		0.0	0.0
2014	aves8888		0.0	0.0
2015	aves8888		0.0	0.0
2016	aves8888		0.0	0.0
2017	aves8888	1.0	0.0	1.0
2018	aves8888		0.0	0.0
2019	aves8888		0.0	0.0
2020	aves8888		0.0	0.0
2021	aves8888		0.0	0.0
2022	aves8888		0.0	0.0
2000	Soltorkadetomater		0.0	0.0
2001	Soltorkadetomater		0.0	0.0
2002	Soltorkadetomater		0.0	0.0
2003	Soltorkadetomater		0.0	0.0
2004	Soltorkadetomater		0.0	0.0
2005	Soltorkadetomater		0.0	0.0
2006	Soltorkadetomater		0.0	0.0
2007	Soltorkadetomater		0.0	0.0
2008	Soltorkadetomater		0.0	0.0
2009	Soltorkadetomater		0.0	0.0
2010	Soltorkadetomater		0.0	0.0
2011	Soltorkadetomater		0.0	0.0
2012	Soltorkadetomater		0.0	0.0
2013	Soltorkadetomater		0.0	0.0
2014	Soltorkadetomater		0.0	0.0
2015	Soltorkadetomater		0.0	0.0
2016	Soltorkadetomater		0.0	0.0
2017	Soltorkadetomater		0.0	0.0
2018	Soltorkadetomater		0.0	0.0
2019	Soltorkadetomater		0.0	0.0
2020	Soltorkadetomater	1.0	0.0	0.0
2021	Soltorkadetomater		0.0	0.0
2022	Soltorkadetomater		0.0	0.0
2000	A.Ericsson		0.0	0.0
2001	A.Ericsson		0.0	0.0
2002	A.Ericsson		0.0	0.0
2003	A.Ericsson		0.0	0.0
2004	A.Ericsson		0.0	0.0
2005	A.Ericsson		0.0	0.0
2006	A.Ericsson		0.0	0.0
2007	A.Ericsson		0.0	0.0
2008	A.Ericsson		0.0	0.0
2009	A.Ericsson		0.0	0.0
2010	A.Ericsson		0.0	0.0
2011	A.Ericsson		0.0	0.0
2012	A.Ericsson		0.0	0.0
2013	A.Ericsson		0.0	0.0
2014	A.Ericsson		0.0	0.0
2015	A.Ericsson		0.0	0.0
2016	A.Ericsson		0.0	0.0
2017	A.Ericsson		0.0	0.0
2018	A.Ericsson		0.0	0.0
2019	A.Ericsson		0.0	0.0
2020	A.Ericsson	1.0	0.0	0.0
2021	A.Ericsson		0.0	0.0
2022	A.Ericsson		0.0	0.0
2000	Inishal47		0.0	0.0
2001	Inishal47		0.0	0.0
2002	Inishal47		0.0	0.0
2003	Inishal47		0.0	0.0
2004	Inishal47		0.0	0.0
2005	Inishal47		0.0	0.0
2006	Inishal47		0.0	0.0
2007	Inishal47		0.0	0.0
2008	Inishal47		0.0	0.0
2009	Inishal47		0.0	0.0
2010	Inishal47		0.0	0.0
2011	Inishal47		0.0	0.0
2012	Inishal47		0.0	0.0
2013	Inishal47		0.0	0.0
2014	Inishal47		0.0	0.0
2015	Inishal47		0.0	0.0
2016	Inishal47		0.0	0.0
2017	Inishal47		0.0	0.0
2018	Inishal47		0.0	0.0
2019	Inishal47		0.0	0.0
2020	Inishal47	1.0	0.0	0.0
2021	Inishal47		0.0	0.0
2022	Inishal47		0.0	0.0
2000	XX-Ambar		0.0	0.0
2001	XX-Ambar		0.0	0.0
2002	XX-Ambar		0.0	0.0
2003	XX-Ambar		0.0	0.0
2004	XX-Ambar		0.0	0.0
2005	XX-Ambar		0.0	0.0
2006	XX-Ambar		0.0	0.0
2007	XX-Ambar		0.0	0.0
2008	XX-Ambar		0.0	0.0
2009	XX-Ambar		0.0	0.0
2010	XX-Ambar		0.0	0.0
2011	XX-Ambar		0.0	0.0
2012	XX-Ambar		0.0	0.0
2013	XX-Ambar		0.0	0.0
2014	XX-Ambar		0.0	0.0
2015	XX-Ambar		0.0	0.0
2016	XX-Ambar		0.0	0.0
2017	XX-Ambar		0.0	0.0
2018	XX-Ambar		0.0	0.0
2019	XX-Ambar		0.0	0.0
2020	XX-Ambar	1.0	0.0	0.0
2021	XX-Ambar		0.0	0.0
2022	XX-Ambar		0.0	0.0
2000	sibbann		0.0	0.0
2001	sibbann		0.0	0.0
2002	sibbann		0.0	0.0
2003	sibbann		0.0	0.0
2004	sibbann		0.0	0.0
2005	sibbann		0.0	0.0
2006	sibbann		0.0	0.0
2007	sibbann		0.0	0.0
2008	sibbann		0.0	0.0
2009	sibbann		0.0	0.0
2010	sibbann		0.0	0.0
2011	sibbann		0.0	0.0
2012	sibbann		0.0	0.0
2013	sibbann		0.0	0.0
2014	sibbann		0.0	0.0
2015	sibbann		0.0	0.0
2016	sibbann		0.0	0.0
2017	sibbann		0.0	0.0
2018	sibbann		0.0	0.0
2019	sibbann		0.0	0.0
2020	sibbann	1.0	0.0	0.0
2021	sibbann		0.0	0.0
2022	sibbann		0.0	0.0
2000	Drozd		0.0	0.0
2001	Drozd		0.0	0.0
2002	Drozd		0.0	0.0
2003	Drozd		0.0	0.0
2004	Drozd		0.0	0.0
2005	Drozd		0.0	0.0
2006	Drozd		0.0	0.0
2007	Drozd		0.0	0.0
2008	Drozd		0.0	0.0
2009	Drozd		0.0	0.0
2010	Drozd		0.0	0.0
2011	Drozd		0.0	0.0
2012	Drozd		0.0	0.0
2013	Drozd		0.0	0.0
2014	Drozd		0.0	0.0
2015	Drozd		0.0	0.0
2016	Drozd		0.0	0.0
2017	Drozd		0.0	0.0
2018	Drozd		0.0	0.0
2019	Drozd		0.0	0.0
2020	Drozd	1.0	0.0	0.0
2021	Drozd		0.0	0.0
2022	Drozd		0.0	0.0
2000	Flashcash		0.0	0.0
2001	Flashcash		0.0	0.0
2002	Flashcash		0.0	0.0
2003	Flashcash		0.0	0.0
2004	Flashcash		0.0	0.0
2005	Flashcash		0.0	0.0
2006	Flashcash		0.0	0.0
2007	Flashcash		0.0	0.0
2008	Flashcash		0.0	0.0
2009	Flashcash		0.0	0.0
2010	Flashcash		0.0	0.0
2011	Flashcash	0.0	0.0	0.0
2012	Flashcash		0.0	0.0
2013	Flashcash		0.0	0.0
2014	Flashcash		0.0	0.0
2015	Flashcash		0.0	0.0
2016	Flashcash		0.0	0.0
2017	Flashcash		0.0	0.0
2018	Flashcash		0.0	0.0
2019	Flashcash		0.0	0.0
2020	Flashcash		0.0	1.0
2021	Flashcash		0.0	0.0
2022	Flashcash		0.0	0.0
2000	Avsiktaren		0.0	0.0
2001	Avsiktaren		0.0	0.0
2002	Avsiktaren		0.0	0.0
2003	Avsiktaren		0.0	0.0
2004	Avsiktaren		0.0	0.0
2005	Avsiktaren		0.0	0.0
2006	Avsiktaren		0.0	0.0
2007	Avsiktaren		0.0	0.0
2008	Avsiktaren		0.0	0.0
2009	Avsiktaren		0.0	0.0
2010	Avsiktaren		0.0	0.0
2011	Avsiktaren	0.0	0.0	0.0
2012	Avsiktaren		0.0	0.0
2013	Avsiktaren		0.0	0.0
2014	Avsiktaren		0.0	0.0
2015	Avsiktaren		0.0	0.0
2016	Avsiktaren		0.0	0.0
2017	Avsiktaren		0.0	0.0
2018	Avsiktaren		0.0	0.0
2019	Avsiktaren		0.0	0.0
2020	Avsiktaren		0.0	0.0
2021	Avsiktaren		0.0	0.0
2022	Avsiktaren		0.0	0.0
2000	plishaggmi		0.0	0.0
2001	plishaggmi		0.0	0.0
2002	plishaggmi		0.0	0.0
2003	plishaggmi		0.0	0.0
2004	plishaggmi		0.0	0.0
2005	plishaggmi		0.0	0.0
2006	plishaggmi		0.0	0.0
2007	plishaggmi		0.0	0.0
2008	plishaggmi		0.0	0.0
2009	plishaggmi		0.0	0.0
2010	plishaggmi		0.0	0.0
2011	plishaggmi		0.0	0.0
2012	plishaggmi		0.0	0.0
2013	plishaggmi		0.0	0.0
2014	plishaggmi	0.0	0.0	0.0
2015	plishaggmi		0.0	0.0
2016	plishaggmi		0.0	0.0
2017	plishaggmi		0.0	0.0
2018	plishaggmi		0.0	0.0
2019	plishaggmi		0.0	0.0
2020	plishaggmi		0.0	0.0
2021	plishaggmi		0.0	0.0
2022	plishaggmi		0.0	0.0
2000	Ayezan		0.0	0.0
2001	Ayezan		0.0	0.0
2002	Ayezan		0.0	0.0
2003	Ayezan		0.0	0.0
2004	Ayezan		0.0	0.0
2005	Ayezan		0.0	0.0
2006	Ayezan		0.0	0.0
2007	Ayezan		0.0	0.0
2008	Ayezan		0.0	0.0
2009	Ayezan		0.0	0.0
2010	Ayezan		0.0	0.0
2011	Ayezan		0.0	0.0
2012	Ayezan		0.0	0.0
2013	Ayezan		0.0	0.0
2014	Ayezan	1.0	0.0	0.0
2015	Ayezan		0.0	0.0
2016	Ayezan		0.0	0.0
2017	Ayezan		0.0	0.0
2018	Ayezan		0.0	0.0
2019	Ayezan		0.0	0.0
2020	Ayezan		0.0	0.0
2021	Ayezan		0.0	0.0
2022	Ayezan		0.0	0.0
2000	trevliggrabb		0.0	0.0
2001	trevliggrabb		0.0	0.0
2002	trevliggrabb		0.0	0.0
2003	trevliggrabb		0.0	0.0
2004	trevliggrabb		0.0	0.0
2005	trevliggrabb		0.0	0.0
2006	trevliggrabb		0.0	0.0
2007	trevliggrabb		0.0	0.0
2008	trevliggrabb		0.0	0.0
2009	trevliggrabb		0.0	0.0
2010	trevliggrabb		0.0	0.0
2011	trevliggrabb		0.0	0.0
2012	trevliggrabb		0.0	0.0
2013	trevliggrabb		0.0	0.0
2014	trevliggrabb		0.0	0.0
2015	trevliggrabb		0.0	0.0
2016	trevliggrabb		0.0	0.0
2017	trevliggrabb		0.0	0.0
2018	trevliggrabb		0.0	0.0
2019	trevliggrabb		0.0	0.0
2020	trevliggrabb		0.0	0.0
2021	trevliggrabb	1.0	0.0	0.0
2022	trevliggrabb		0.0	0.0
2000	Hddv1		0.0	0.0
2001	Hddv1		0.0	0.0
2002	Hddv1		0.0	0.0
2003	Hddv1		0.0	0.0
2004	Hddv1		0.0	0.0
2005	Hddv1		0.0	0.0
2006	Hddv1		0.0	0.0
2007	Hddv1		0.0	0.0
2008	Hddv1		0.0	0.0
2009	Hddv1		0.0	0.0
2010	Hddv1		0.0	0.0
2011	Hddv1		0.0	0.0
2012	Hddv1		0.0	0.0
2013	Hddv1		0.0	0.0
2014	Hddv1		0.0	0.0
2015	Hddv1		0.0	0.0
2016	Hddv1		0.0	0.0
2017	Hddv1		0.0	0.0
2018	Hddv1		0.0	0.0
2019	Hddv1		0.0	0.0
2020	Hddv1		0.0	0.0
2021	Hddv1	1.0	0.0	0.0
2022	Hddv1		0.0	0.0
2000	SoberZealot		0.0	0.0
2001	SoberZealot		0.0	0.0
2002	SoberZealot		0.0	0.0
2003	SoberZealot		0.0	0.0
2004	SoberZealot		0.0	0.0
2005	SoberZealot		0.0	0.0
2006	SoberZealot		0.0	0.0
2007	SoberZealot		0.0	0.0
2008	SoberZealot		0.0	0.0
2009	SoberZealot		0.0	0.0
2010	SoberZealot		0.0	0.0
2011	SoberZealot		0.0	0.0
2012	SoberZealot		0.0	0.0
2013	SoberZealot		0.0	0.0
2014	SoberZealot		0.0	0.0
2015	SoberZealot		0.0	0.0
2016	SoberZealot		0.0	0.0
2017	SoberZealot		0.0	0.0
2018	SoberZealot		0.0	0.0
2019	SoberZealot		0.0	0.0
2020	SoberZealot		0.0	0.0
2021	SoberZealot	1.0	0.0	0.0
2022	SoberZealot		0.0	0.0
2000	olikafarger		0.0	0.0
2001	olikafarger		0.0	0.0
2002	olikafarger		0.0	0.0
2003	olikafarger		0.0	0.0
2004	olikafarger		0.0	0.0
2005	olikafarger		0.0	0.0
2006	olikafarger		0.0	0.0
2007	olikafarger		0.0	0.0
2008	olikafarger		0.0	0.0
2009	olikafarger		0.0	0.0
2010	olikafarger		0.0	0.0
2011	olikafarger		0.0	0.0
2012	olikafarger		0.0	0.0
2013	olikafarger		0.0	0.0
2014	olikafarger		0.0	0.0
2015	olikafarger		0.0	0.0
2016	olikafarger		0.0	0.0
2017	olikafarger		0.0	0.0
2018	olikafarger		0.0	0.0
2019	olikafarger		0.0	0.0
2020	olikafarger		0.0	0.0
2021	olikafarger	1.0	0.0	0.0
2022	olikafarger		0.0	0.0
2000	Reverent Mishap		0.0	0.0
2001	Reverent Mishap		0.0	0.0
2002	Reverent Mishap		0.0	0.0
2003	Reverent Mishap		0.0	0.0
2004	Reverent Mishap		0.0	0.0
2005	Reverent Mishap	0.0	0.0	0.0
2006	Reverent Mishap		0.0	0.0
2007	Reverent Mishap		0.0	0.0
2008	Reverent Mishap		0.0	0.0
2009	Reverent Mishap		0.0	0.0
2010	Reverent Mishap		0.0	0.0
2011	Reverent Mishap		0.0	0.0
2012	Reverent Mishap		0.0	0.0
2013	Reverent Mishap		0.0	0.0
2014	Reverent Mishap		0.0	0.0
2015	Reverent Mishap		0.0	0.0
2016	Reverent Mishap		0.0	0.0
2017	Reverent Mishap		0.0	0.0
2018	Reverent Mishap		0.0	0.0
2019	Reverent Mishap		0.0	0.0
2020	Reverent Mishap		0.0	0.0
2021	Reverent Mishap		0.0	0.0
2022	Reverent Mishap		0.0	0.0
2000	rtyuio		0.0	0.0
2001	rtyuio		0.0	0.0
2002	rtyuio		0.0	0.0
2003	rtyuio		0.0	0.0
2004	rtyuio		0.0	0.0
2005	rtyuio		0.0	0.0
2006	rtyuio		0.0	0.0
2007	rtyuio		0.0	0.0
2008	rtyuio		0.0	0.0
2009	rtyuio		0.0	0.0
2010	rtyuio		0.0	0.0
2011	rtyuio		0.0	0.0
2012	rtyuio		0.0	0.0
2013	rtyuio		0.0	0.0
2014	rtyuio		0.0	0.0
2015	rtyuio		0.0	0.0
2016	rtyuio		0.0	0.0
2017	rtyuio		0.0	0.0
2018	rtyuio		0.0	0.0
2019	rtyuio		0.0	0.0
2020	rtyuio		0.0	0.0
2021	rtyuio		0.0	0.0
2022	rtyuio	1.0	0.0	0.0
2000	godboy		0.0	0.0
2001	godboy		0.0	0.0
2002	godboy		0.0	0.0
2003	godboy		0.0	0.0
2004	godboy		0.0	0.0
2005	godboy		0.0	0.0
2006	godboy		0.0	0.0
2007	godboy		0.0	0.0
2008	godboy		0.0	0.0
2009	godboy		0.0	0.0
2010	godboy		0.0	0.0
2011	godboy		0.0	0.0
2012	godboy		0.0	0.0
2013	godboy		0.0	0.0
2014	godboy		0.0	0.0
2015	godboy		0.0	0.0
2016	godboy		0.0	0.0
2017	godboy		0.0	0.0
2018	godboy		0.0	0.0
2019	godboy		0.0	0.0
2020	godboy		0.0	0.0
2021	godboy		0.0	0.0
2022	godboy	1.0	0.0	0.0
2000	ReijoHervonen		0.0	0.0
2001	ReijoHervonen		0.0	0.0
2002	ReijoHervonen		0.0	0.0
2003	ReijoHervonen		0.0	0.0
2004	ReijoHervonen		0.0	0.0
2005	ReijoHervonen		0.0	0.0
2006	ReijoHervonen		0.0	0.0
2007	ReijoHervonen		0.0	0.0
2008	ReijoHervonen		0.0	0.0
2009	ReijoHervonen		0.0	0.0
2010	ReijoHervonen		0.0	0.0
2011	ReijoHervonen		0.0	0.0
2012	ReijoHervonen		0.0	0.0
2013	ReijoHervonen		0.0	0.0
2014	ReijoHervonen		0.0	0.0
2015	ReijoHervonen		0.0	0.0
2016	ReijoHervonen		0.0	0.0
2017	ReijoHervonen		0.0	0.0
2018	ReijoHervonen		0.0	0.0
2019	ReijoHervonen		0.0	0.0
2020	ReijoHervonen		0.0	0.0
2021	ReijoHervonen		0.0	0.0
2022	ReijoHervonen	1.0	0.0	0.0
2000	RazorKevlar		0.0	0.0
2001	RazorKevlar		0.0	0.0
2002	RazorKevlar		0.0	0.0
2003	RazorKevlar		0.0	0.0
2004	RazorKevlar		0.0	0.0
2005	RazorKevlar		0.0	0.0
2006	RazorKevlar		0.0	0.0
2007	RazorKevlar		0.0	0.0
2008	RazorKevlar		0.0	0.0
2009	RazorKevlar		0.0	0.0
2010	RazorKevlar		0.0	0.0
2011	RazorKevlar		0.0	0.0
2012	RazorKevlar		0.0	0.0
2013	RazorKevlar		0.0	0.0
2014	RazorKevlar		0.0	0.0
2015	RazorKevlar		0.0	0.0
2016	RazorKevlar		0.0	0.0
2017	RazorKevlar		0.0	0.0
2018	RazorKevlar		0.0	0.0
2019	RazorKevlar		0.0	0.0
2020	RazorKevlar		0.0	0.0
2021	RazorKevlar		0.0	0.0
2022	RazorKevlar	1.0	0.0	0.0
2000	RamsesXX		0.0	0.0
2001	RamsesXX		0.0	0.0
2002	RamsesXX		0.0	0.0
2003	RamsesXX		0.0	0.0
2004	RamsesXX		0.0	0.0
2005	RamsesXX		0.0	0.0
2006	RamsesXX		0.0	0.0
2007	RamsesXX		0.0	0.0
2008	RamsesXX		0.0	0.0
2009	RamsesXX		0.0	0.0
2010	RamsesXX		0.0	0.0
2011	RamsesXX		0.0	0.0
2012	RamsesXX		0.0	0.0
2013	RamsesXX		0.0	0.0
2014	RamsesXX		0.0	0.0
2015	RamsesXX		0.0	0.0
2016	RamsesXX		0.0	0.0
2017	RamsesXX		0.0	0.0
2018	RamsesXX		0.0	0.0
2019	RamsesXX		0.0	0.0
2020	RamsesXX		0.0	0.0
2021	RamsesXX		0.0	0.0
2022	RamsesXX	1.0	0.0	0.0
2000	Prontilopter		0.0	0.0
2001	Prontilopter		0.0	0.0
2002	Prontilopter		0.0	0.0
2003	Prontilopter		0.0	0.0
2004	Prontilopter		0.0	0.0
2005	Prontilopter		0.0	0.0
2006	Prontilopter		0.0	0.0
2007	Prontilopter		0.0	0.0
2008	Prontilopter		0.0	0.0
2009	Prontilopter		0.0	0.0
2010	Prontilopter		0.0	0.0
2011	Prontilopter		0.0	0.0
2012	Prontilopter		0.0	0.0
2013	Prontilopter		0.0	0.0
2014	Prontilopter		0.0	0.0
2015	Prontilopter		0.0	0.0
2016	Prontilopter		0.0	0.0
2017	Prontilopter		0.0	0.0
2018	Prontilopter		0.0	0.0
2019	Prontilopter		0.0	0.0
2020	Prontilopter		0.0	0.0
2021	Prontilopter		0.0	0.0
2022	Prontilopter	1.0	0.0	0.0
2000	akademikerfyllo		0.0	0.0
2001	akademikerfyllo		0.0	0.0
2002	akademikerfyllo		0.0	0.0
2003	akademikerfyllo		0.0	0.0
2004	akademikerfyllo		0.0	0.0
2005	akademikerfyllo		0.0	0.0
2006	akademikerfyllo		0.0	0.0
2007	akademikerfyllo		0.0	0.0
2008	akademikerfyllo		0.0	0.0
2009	akademikerfyllo		0.0	0.0
2010	akademikerfyllo		0.0	0.0
2011	akademikerfyllo		0.0	0.0
2012	akademikerfyllo		0.0	0.0
2013	akademikerfyllo		0.0	0.0
2014	akademikerfyllo		0.0	0.0
2015	akademikerfyllo		0.0	0.0
2016	akademikerfyllo		0.0	0.0
2017	akademikerfyllo		0.0	0.0
2018	akademikerfyllo		0.0	0.0
2019	akademikerfyllo		0.0	0.0
2020	akademikerfyllo		0.0	0.0
2021	akademikerfyllo		0.0	0.0
2022	akademikerfyllo	1.0	0.0	0.0
2000	Harrywinston		0.0	0.0
2001	Harrywinston		0.0	0.0
2002	Harrywinston		0.0	0.0
2003	Harrywinston		0.0	0.0
2004	Harrywinston		0.0	0.0
2005	Harrywinston		0.0	0.0
2006	Harrywinston		0.0	0.0
2007	Harrywinston		0.0	0.0
2008	Harrywinston		0.0	0.0
2009	Harrywinston		0.0	0.0
2010	Harrywinston		0.0	0.0
2011	Harrywinston		0.0	0.0
2012	Harrywinston		0.0	0.0
2013	Harrywinston		0.0	0.0
2014	Harrywinston		0.0	0.0
2015	Harrywinston		0.0	0.0
2016	Harrywinston		0.0	0.0
2017	Harrywinston		0.0	0.0
2018	Harrywinston	1.0	0.0	0.0
2019	Harrywinston		0.0	0.0
2020	Harrywinston		0.0	0.0
2021	Harrywinston		0.0	0.0
2022	Harrywinston	1.0	0.0	0.0
2000	Starke Adolf		0.0	0.0
2001	Starke Adolf		0.0	0.0
2002	Starke Adolf		0.0	0.0
2003	Starke Adolf		0.0	0.0
2004	Starke Adolf		0.0	0.0
2005	Starke Adolf		0.0	0.0
2006	Starke Adolf		0.0	0.0
2007	Starke Adolf		0.0	0.0
2008	Starke Adolf		0.0	0.0
2009	Starke Adolf		0.0	0.0
2010	Starke Adolf		0.0	0.0
2011	Starke Adolf		0.0	0.0
2012	Starke Adolf		0.0	0.0
2013	Starke Adolf	0.0	0.0	0.0
2014	Starke Adolf		0.0	0.0
2015	Starke Adolf		0.0	0.0
2016	Starke Adolf		0.0	0.0
2017	Starke Adolf		0.0	0.0
2018	Starke Adolf		0.0	0.0
2019	Starke Adolf		0.0	0.0
2020	Starke Adolf		0.0	0.0
2021	Starke Adolf		0.0	0.0
2022	Starke Adolf		0.0	0.0
2000	BisexualStoner		0.0	0.0
2001	BisexualStoner		0.0	0.0
2002	BisexualStoner		0.0	0.0
2003	BisexualStoner		0.0	0.0
2004	BisexualStoner		0.0	0.0
2005	BisexualStoner		0.0	0.0
2006	BisexualStoner		0.0	0.0
2007	BisexualStoner		0.0	0.0
2008	BisexualStoner		0.0	0.0
2009	BisexualStoner		0.0	0.0
2010	BisexualStoner		0.0	0.0
2011	BisexualStoner		0.0	0.0
2012	BisexualStoner		0.0	0.0
2013	BisexualStoner	0.0	0.0	0.0
2014	BisexualStoner		0.0	0.0
2015	BisexualStoner		0.0	0.0
2016	BisexualStoner		0.0	0.0
2017	BisexualStoner		0.0	0.0
2018	BisexualStoner		0.0	0.0
2019	BisexualStoner		0.0	0.0
2020	BisexualStoner		0.0	0.0
2021	BisexualStoner		0.0	0.0
2022	BisexualStoner		0.0	0.0
2000	travellern		0.0	0.0
2001	travellern		0.0	0.0
2002	travellern		0.0	0.0
2003	travellern		0.0	0.0
2004	travellern		0.0	0.0
2005	travellern		0.0	0.0
2006	travellern		0.0	0.0
2007	travellern		0.0	0.0
2008	travellern		0.0	0.0
2009	travellern		0.0	0.0
2010	travellern		0.0	0.0
2011	travellern		0.0	0.0
2012	travellern		0.0	0.0
2013	travellern	1.0	0.0	0.0
2014	travellern		0.0	0.0
2015	travellern		0.0	0.0
2016	travellern		0.0	0.0
2017	travellern		0.0	0.0
2018	travellern		0.0	0.0
2019	travellern		0.0	0.0
2020	travellern		0.0	0.0
2021	travellern		0.0	0.0
2022	travellern		0.0	0.0
2000	Jersi		0.0	0.0
2001	Jersi		0.0	0.0
2002	Jersi		0.0	0.0
2003	Jersi		0.0	0.0
2004	Jersi		0.0	0.0
2005	Jersi		0.0	0.0
2006	Jersi		0.0	0.0
2007	Jersi		0.0	0.0
2008	Jersi		0.0	0.0
2009	Jersi		0.0	0.0
2010	Jersi		0.0	0.0
2011	Jersi		0.0	0.0
2012	Jersi		0.0	0.0
2013	Jersi	1.0	0.0	1.0
2014	Jersi		0.0	0.0
2015	Jersi		0.0	0.0
2016	Jersi		0.0	0.0
2017	Jersi		0.0	0.0
2018	Jersi		0.0	0.0
2019	Jersi		0.0	0.0
2020	Jersi		0.0	0.0
2021	Jersi		0.0	0.0
2022	Jersi		0.0	0.0
2000	AnikkiStrom		0.0	0.0
2001	AnikkiStrom		0.0	0.0
2002	AnikkiStrom		0.0	0.0
2003	AnikkiStrom		0.0	0.0
2004	AnikkiStrom		0.0	0.0
2005	AnikkiStrom		0.0	0.0
2006	AnikkiStrom		0.0	0.0
2007	AnikkiStrom		0.0	0.0
2008	AnikkiStrom		0.0	0.0
2009	AnikkiStrom		0.0	0.0
2010	AnikkiStrom		0.0	0.0
2011	AnikkiStrom		0.0	0.0
2012	AnikkiStrom		0.0	0.0
2013	AnikkiStrom		0.0	0.0
2014	AnikkiStrom		0.0	0.0
2015	AnikkiStrom	1.0	0.0	0.0
2016	AnikkiStrom		0.0	0.0
2017	AnikkiStrom		0.0	0.0
2018	AnikkiStrom		0.0	0.0
2019	AnikkiStrom		0.0	0.0
2020	AnikkiStrom		0.0	0.0
2021	AnikkiStrom		0.0	0.0
2022	AnikkiStrom		0.0	0.0
2000	Storakuken		0.0	0.0
2001	Storakuken		0.0	0.0
2002	Storakuken		0.0	0.0
2003	Storakuken		0.0	0.0
2004	Storakuken		0.0	0.0
2005	Storakuken		0.0	0.0
2006	Storakuken		0.0	0.0
2007	Storakuken		0.0	0.0
2008	Storakuken		0.0	0.0
2009	Storakuken		0.0	0.0
2010	Storakuken		0.0	0.0
2011	Storakuken		0.0	0.0
2012	Storakuken		0.0	0.0
2013	Storakuken		0.0	0.0
2014	Storakuken		0.0	0.0
2015	Storakuken	1.0	0.0	0.0
2016	Storakuken		0.0	0.0
2017	Storakuken		0.0	0.0
2018	Storakuken		0.0	0.0
2019	Storakuken		0.0	0.0
2020	Storakuken		0.0	0.0
2021	Storakuken		0.0	0.0
2022	Storakuken		0.0	0.0
2000	GillJung		0.0	0.0
2001	GillJung		0.0	0.0
2002	GillJung		0.0	0.0
2003	GillJung		0.0	0.0
2004	GillJung		0.0	0.0
2005	GillJung		0.0	0.0
2006	GillJung		0.0	0.0
2007	GillJung		0.0	0.0
2008	GillJung		0.0	0.0
2009	GillJung		0.0	0.0
2010	GillJung		0.0	0.0
2011	GillJung		0.0	0.0
2012	GillJung		0.0	0.0
2013	GillJung		0.0	0.0
2014	GillJung		0.0	0.0
2015	GillJung		0.0	0.0
2016	GillJung		0.0	0.0
2017	GillJung		0.0	0.0
2018	GillJung	1.0	0.0	0.0
2019	GillJung		0.0	0.0
2020	GillJung		0.0	0.0
2021	GillJung		0.0	0.0
2022	GillJung		0.0	0.0
2000	ForzaLeon		0.0	0.0
2001	ForzaLeon		0.0	0.0
2002	ForzaLeon		0.0	0.0
2003	ForzaLeon		0.0	0.0
2004	ForzaLeon		0.0	0.0
2005	ForzaLeon		0.0	0.0
2006	ForzaLeon		0.0	0.0
2007	ForzaLeon		0.0	0.0
2008	ForzaLeon		0.0	0.0
2009	ForzaLeon		0.0	0.0
2010	ForzaLeon		0.0	0.0
2011	ForzaLeon		0.0	0.0
2012	ForzaLeon		0.0	0.0
2013	ForzaLeon		0.0	0.0
2014	ForzaLeon		0.0	0.0
2015	ForzaLeon		0.0	0.0
2016	ForzaLeon		0.0	0.0
2017	ForzaLeon		0.0	0.0
2018	ForzaLeon	1.0	0.0	0.0
2019	ForzaLeon		0.0	0.0
2020	ForzaLeon		0.0	0.0
2021	ForzaLeon		0.0	0.0
2022	ForzaLeon		0.0	0.0
2000	HenAnnan		0.0	0.0
2001	HenAnnan		0.0	0.0
2002	HenAnnan		0.0	0.0
2003	HenAnnan		0.0	0.0
2004	HenAnnan		0.0	0.0
2005	HenAnnan		0.0	0.0
2006	HenAnnan		0.0	0.0
2007	HenAnnan		0.0	0.0
2008	HenAnnan		0.0	0.0
2009	HenAnnan		0.0	0.0
2010	HenAnnan		0.0	0.0
2011	HenAnnan		0.0	0.0
2012	HenAnnan		0.0	0.0
2013	HenAnnan		0.0	0.0
2014	HenAnnan		0.0	0.0
2015	HenAnnan		0.0	0.0
2016	HenAnnan		0.0	0.0
2017	HenAnnan		0.0	0.0
2018	HenAnnan	1.0	0.0	0.0
2019	HenAnnan		0.0	0.0
2020	HenAnnan		0.0	0.0
2021	HenAnnan		0.0	0.0
2022	HenAnnan		0.0	0.0
2000	Tacoritz		0.0	0.0
2001	Tacoritz		0.0	0.0
2002	Tacoritz		0.0	0.0
2003	Tacoritz		0.0	0.0
2004	Tacoritz		0.0	0.0
2005	Tacoritz		0.0	0.0
2006	Tacoritz		0.0	0.0
2007	Tacoritz		0.0	0.0
2008	Tacoritz	0.0	0.0	0.0
2009	Tacoritz		0.0	0.0
2010	Tacoritz		0.0	0.0
2011	Tacoritz		0.0	0.0
2012	Tacoritz		0.0	0.0
2013	Tacoritz		0.0	0.0
2014	Tacoritz		0.0	0.0
2015	Tacoritz		0.0	0.0
2016	Tacoritz		0.0	0.0
2017	Tacoritz		0.0	0.0
2018	Tacoritz		0.0	0.0
2019	Tacoritz		0.0	0.0
2020	Tacoritz		0.0	0.0
2021	Tacoritz		0.0	0.0
2022	Tacoritz		0.0	0.0
2000	pang olufsen		0.0	0.0
2001	pang olufsen		0.0	0.0
2002	pang olufsen		0.0	0.0
2003	pang olufsen		0.0	0.0
2004	pang olufsen		0.0	0.0
2005	pang olufsen		0.0	0.0
2006	pang olufsen		0.0	0.0
2007	pang olufsen		0.0	0.0
2008	pang olufsen	0.0	0.0	0.0
2009	pang olufsen		0.0	0.0
2010	pang olufsen		0.0	0.0
2011	pang olufsen		0.0	0.0
2012	pang olufsen		0.0	0.0
2013	pang olufsen		0.0	0.0
2014	pang olufsen		0.0	0.0
2015	pang olufsen		0.0	0.0
2016	pang olufsen		0.0	0.0
2017	pang olufsen		0.0	0.0
2018	pang olufsen		0.0	0.0
2019	pang olufsen		0.0	0.0
2020	pang olufsen		0.0	0.0
2021	pang olufsen		0.0	0.0
2022	pang olufsen		0.0	0.0
2000	miscusi		0.0	0.0
2001	miscusi		0.0	0.0
2002	miscusi		0.0	0.0
2003	miscusi		0.0	0.0
2004	miscusi		0.0	0.0
2005	miscusi		0.0	0.0
2006	miscusi		0.0	0.0
2007	miscusi		0.0	0.0
2008	miscusi		0.0	0.0
2009	miscusi		0.0	0.0
2010	miscusi		0.0	0.0
2011	miscusi		0.0	0.0
2012	miscusi		0.0	0.0
2013	miscusi		0.0	0.0
2014	miscusi		0.0	0.0
2015	miscusi		0.0	0.0
2016	miscusi	1.0	0.0	0.0
2017	miscusi		0.0	0.0
2018	miscusi		0.0	0.0
2019	miscusi		0.0	0.0
2020	miscusi		0.0	0.0
2021	miscusi		0.0	0.0
2022	miscusi		0.0	0.0
2000	KaptenFantastisk		0.0	0.0
2001	KaptenFantastisk		0.0	0.0
2002	KaptenFantastisk		0.0	0.0
2003	KaptenFantastisk		0.0	0.0
2004	KaptenFantastisk		0.0	0.0
2005	KaptenFantastisk		0.0	0.0
2006	KaptenFantastisk		0.0	0.0
2007	KaptenFantastisk		0.0	0.0
2008	KaptenFantastisk		0.0	0.0
2009	KaptenFantastisk		0.0	0.0
2010	KaptenFantastisk		0.0	0.0
2011	KaptenFantastisk		0.0	0.0
2012	KaptenFantastisk	0.0	0.0	0.0
2013	KaptenFantastisk		0.0	0.0
2014	KaptenFantastisk		0.0	0.0
2015	KaptenFantastisk		0.0	0.0
2016	KaptenFantastisk		0.0	0.0
2017	KaptenFantastisk		0.0	0.0
2018	KaptenFantastisk		0.0	0.0
2019	KaptenFantastisk		0.0	0.0
2020	KaptenFantastisk		0.0	0.0
2021	KaptenFantastisk		0.0	0.0
2022	KaptenFantastisk		0.0	0.0
